-- phpMyAdmin SQL Dump
-- version 5.2.0
-- https://www.phpmyadmin.net/
--
-- Host: localhost:3307
-- Generation Time: Jun 04, 2026 at 09:25 AM
-- Server version: 8.0.30
-- PHP Version: 8.1.10

SET SQL_MODE = "NO_AUTO_VALUE_ON_ZERO";
START TRANSACTION;
SET time_zone = "+00:00";


/*!40101 SET @OLD_CHARACTER_SET_CLIENT=@@CHARACTER_SET_CLIENT */;
/*!40101 SET @OLD_CHARACTER_SET_RESULTS=@@CHARACTER_SET_RESULTS */;
/*!40101 SET @OLD_COLLATION_CONNECTION=@@COLLATION_CONNECTION */;
/*!40101 SET NAMES utf8mb4 */;

--
-- Database: `mysipmac_mysipma2`
--

-- --------------------------------------------------------

--
-- Table structure for table `approvals`
--

CREATE TABLE `approvals` (
  `id` int NOT NULL,
  `order_id` int NOT NULL,
  `approved_by` int DEFAULT NULL,
  `approval_date` date DEFAULT NULL,
  `status` int DEFAULT NULL,
  `remarks` text,
  `created_at` datetime DEFAULT CURRENT_TIMESTAMP,
  `created_by` int DEFAULT NULL,
  `updated_at` datetime DEFAULT CURRENT_TIMESTAMP ON UPDATE CURRENT_TIMESTAMP,
  `updated_by` int DEFAULT NULL
) ENGINE=InnoDB DEFAULT CHARSET=utf8mb4 COLLATE=utf8mb4_0900_ai_ci;

--
-- Dumping data for table `approvals`
--

INSERT INTO `approvals` (`id`, `order_id`, `approved_by`, `approval_date`, `status`, `remarks`, `created_at`, `created_by`, `updated_at`, `updated_by`) VALUES
(1, 13, NULL, NULL, 0, 'Menunggu pengesahan', '2026-05-27 16:34:15', 4, '2026-05-27 16:34:15', 4),
(2, 16, NULL, NULL, 0, 'Menunggu pengesahan', '2026-05-27 17:27:09', 4, '2026-05-27 17:27:09', 4),
(3, 17, NULL, NULL, 0, 'Menunggu pengesahan', '2026-05-29 04:59:23', 4, '2026-05-29 04:59:23', 4),
(4, 18, NULL, NULL, 0, 'Menunggu pengesahan', '2026-05-29 05:22:37', 4, '2026-05-29 05:22:37', 4);

-- --------------------------------------------------------

--
-- Table structure for table `borang_inden_drafts`
--

CREATE TABLE `borang_inden_drafts` (
  `id` bigint UNSIGNED NOT NULL,
  `user_id` int NOT NULL,
  `data` longtext COLLATE utf8mb4_unicode_ci NOT NULL,
  `created_at` timestamp NULL DEFAULT NULL,
  `updated_at` timestamp NULL DEFAULT NULL
) ENGINE=InnoDB DEFAULT CHARSET=utf8mb4 COLLATE=utf8mb4_unicode_ci;

--
-- Dumping data for table `borang_inden_drafts`
--

INSERT INTO `borang_inden_drafts` (`id`, `user_id`, `data`, `created_at`, `updated_at`) VALUES
(2, 4, '{\"contract_id\":\"2\",\"tarikh_pesanan\":\"04\\/06\\/2026\",\"masa\":\"16:31\",\"sesi_kod\":\"draf test\",\"institution_id\":\"2\",\"supplier_id\":\"3\",\"wakil_pembekal\":\"Tuan Lee Wei Ming\",\"alamat_pembekal\":\"Wisma Subang, Jln USJ, Subang Jaya 47630\",\"muster_khas_daging\":\"0\",\"muster_ditolak_parol\":\"0\",\"parol\":\"0\",\"muster_penuh\":\"0\",\"tarikh_pembekal\":\"04\\/06\\/2026\",\"catatan_inden\":null,\"items\":[{\"contract_item_id\":\"4\",\"name\":\"Bola Sepak Saiz 5\",\"unit\":\"Biji\",\"orderQty\":\"0\",\"unitPrice\":\"85.00\"},{\"contract_item_id\":\"5\",\"name\":\"Raket Badminton Karbon\",\"unit\":\"Batang\",\"orderQty\":\"0\",\"unitPrice\":\"45.00\"},{\"contract_item_id\":\"6\",\"name\":\"Komputer Riba Core i5 8GB RAM\",\"unit\":\"Unit\",\"orderQty\":\"0\",\"unitPrice\":\"4500.00\"}]}', '2026-06-04 08:31:13', '2026-06-04 08:44:36');

-- --------------------------------------------------------

--
-- Table structure for table `categories`
--

CREATE TABLE `categories` (
  `id` int NOT NULL,
  `name` varchar(255) NOT NULL,
  `code` varchar(10) DEFAULT NULL,
  `created_at` datetime DEFAULT CURRENT_TIMESTAMP,
  `created_by` int DEFAULT NULL,
  `updated_at` datetime DEFAULT CURRENT_TIMESTAMP ON UPDATE CURRENT_TIMESTAMP,
  `updated_by` int DEFAULT NULL
) ENGINE=InnoDB DEFAULT CHARSET=utf8mb4 COLLATE=utf8mb4_0900_ai_ci;

--
-- Dumping data for table `categories`
--

INSERT INTO `categories` (`id`, `name`, `code`, `created_at`, `created_by`, `updated_at`, `updated_by`) VALUES
(1, 'Alatan Tulis', 'AT', '2026-01-01 00:00:00', 1, '2026-05-29 05:56:55', 1),
(2, 'Peralatan Sukan', 'PS', '2026-01-01 00:00:00', 1, '2026-05-29 05:56:55', 1),
(3, 'Peralatan Teknologi', 'ICT', '2026-01-01 00:00:00', 1, '2026-05-29 05:56:55', 1),
(4, 'Bekalan Pembersihan', 'BP', '2026-01-01 00:00:00', 1, '2026-05-29 05:56:55', 1),
(5, 'Peralatan Dapur', 'PD', '2026-01-01 00:00:00', 1, '2026-05-29 05:56:55', 1);

-- --------------------------------------------------------

--
-- Table structure for table `ceiling_limits`
--

CREATE TABLE `ceiling_limits` (
  `id` int NOT NULL,
  `institution_id` int NOT NULL,
  `contract_id` int NOT NULL,
  `contract_limit` decimal(15,2) DEFAULT NULL,
  `yearly_limit` decimal(15,2) DEFAULT NULL,
  `monthly_limit` decimal(15,2) DEFAULT NULL,
  `used_quantity` decimal(15,2) DEFAULT '0.00',
  `status` int DEFAULT '1',
  `created_at` datetime DEFAULT CURRENT_TIMESTAMP,
  `created_by` int DEFAULT NULL,
  `updated_at` datetime DEFAULT CURRENT_TIMESTAMP ON UPDATE CURRENT_TIMESTAMP,
  `updated_by` int DEFAULT NULL
) ENGINE=InnoDB DEFAULT CHARSET=utf8mb4 COLLATE=utf8mb4_0900_ai_ci;

--
-- Dumping data for table `ceiling_limits`
--

INSERT INTO `ceiling_limits` (`id`, `institution_id`, `contract_id`, `contract_limit`, `yearly_limit`, `monthly_limit`, `used_quantity`, `status`, `created_at`, `created_by`, `updated_at`, `updated_by`) VALUES
(1, 2, 1, '50000.00', '50000.00', '4166.67', '15000.00', 1, '2026-01-01 00:00:00', 1, '2026-01-01 00:00:00', 1),
(2, 2, 2, '75000.00', '75000.00', '6250.00', '22000.00', 1, '2026-01-01 00:00:00', 1, '2026-01-01 00:00:00', 1),
(3, 3, 3, '60000.00', '60000.00', '5000.00', '18000.00', 1, '2026-01-01 00:00:00', 1, '2026-01-01 00:00:00', 1),
(4, 4, 4, '80000.00', '80000.00', '6666.67', '25000.00', 1, '2026-01-01 00:00:00', 1, '2026-01-01 00:00:00', 1),
(5, 5, 5, '55000.00', '55000.00', '4583.33', '12000.00', 1, '2026-01-01 00:00:00', 1, '2026-01-01 00:00:00', 1);

-- --------------------------------------------------------

--
-- Table structure for table `contracts`
--

CREATE TABLE `contracts` (
  `id` int NOT NULL,
  `contract_no` varchar(100) NOT NULL,
  `institution_id` int NOT NULL,
  `supplier_id` int NOT NULL,
  `start_date` date DEFAULT NULL,
  `end_date` date DEFAULT NULL,
  `total_value` decimal(15,2) DEFAULT NULL,
  `status` varchar(100) DEFAULT NULL,
  `created_at` datetime DEFAULT CURRENT_TIMESTAMP,
  `created_by` int DEFAULT NULL,
  `updated_at` datetime DEFAULT CURRENT_TIMESTAMP ON UPDATE CURRENT_TIMESTAMP,
  `updated_by` int DEFAULT NULL
) ENGINE=InnoDB DEFAULT CHARSET=utf8mb4 COLLATE=utf8mb4_0900_ai_ci;

--
-- Dumping data for table `contracts`
--

INSERT INTO `contracts` (`id`, `contract_no`, `institution_id`, `supplier_id`, `start_date`, `end_date`, `total_value`, `status`, `created_at`, `created_by`, `updated_at`, `updated_by`) VALUES
(1, 'KONTRAK/2026/001', 2, 2, '2026-01-01', '2026-12-31', '50000.00', 'Active', '2026-01-01 00:00:00', 1, '2026-01-01 00:00:00', 1),
(2, 'KONTRAK/2026/002', 2, 3, '2026-01-01', '2026-12-31', '75000.00', 'Active', '2026-01-01 00:00:00', 1, '2026-01-01 00:00:00', 1),
(3, 'KONTRAK/2026/003', 3, 3, '2026-01-01', '2026-12-31', '60000.00', 'Active', '2026-01-01 00:00:00', 1, '2026-01-01 00:00:00', 1),
(4, 'KONTRAK/2026/004', 4, 4, '2026-01-01', '2026-12-31', '80000.00', 'Active', '2026-01-01 00:00:00', 1, '2026-01-01 00:00:00', 1),
(5, 'KONTRAK/2026/005', 5, 5, '2026-01-01', '2026-12-31', '55000.00', 'Active', '2026-01-01 00:00:00', 1, '2026-01-01 00:00:00', 1),
(7, 'dfgh', 4, 5, '2026-05-25', NULL, '11.76', 'Active', '2026-05-25 00:00:00', 4, '2026-05-25 00:00:00', 4),
(8, 'No.123', 29, 4, '2026-05-27', NULL, '150.00', 'Active', '2026-05-27 16:34:15', 4, '2026-05-27 16:34:15', 4),
(11, 'sdfadssd', 13, 3, '2026-05-27', NULL, '55.00', 'Active', '2026-05-27 17:27:09', 4, '2026-05-27 17:27:09', 4),
(12, 'dsfas', 22, 4, '2026-05-29', NULL, '144.00', 'Active', '2026-05-29 04:59:23', 4, '2026-05-29 04:59:23', 4),
(13, 'test', 17, 4, '2026-05-29', NULL, '66.00', 'Active', '2026-05-29 05:22:37', 4, '2026-05-29 05:22:37', 4),
(14, 'KONTRAK/2026/006/P9', 9, 1, '2026-01-01', '2026-12-31', '125000.00', 'Active', '2026-05-29 16:31:17', 1, '2026-05-29 16:31:17', 1),
(15, 'KONTRAK/2026/007/P10', 10, 2, '2026-01-01', '2026-12-31', '95000.00', 'Active', '2026-05-29 16:31:17', 1, '2026-05-29 16:31:17', 1),
(16, 'KONTRAK/2026/008/P11', 11, 3, '2026-01-01', '2026-12-31', '110000.00', 'Active', '2026-05-29 16:31:17', 1, '2026-05-29 16:31:17', 1),
(17, 'KONTRAK/2026/009/P12', 12, 4, '2026-01-01', '2026-12-31', '100000.00', 'Active', '2026-05-29 16:31:17', 1, '2026-05-29 16:31:17', 1),
(18, 'KONTRAK/2026/010/P13', 13, 5, '2026-01-01', '2026-12-31', '130000.00', 'Active', '2026-05-29 16:31:17', 1, '2026-05-29 16:31:17', 1),
(19, 'KONTRAK/2026/011/P14', 14, 1, '2026-01-01', '2026-12-31', '88000.00', 'Active', '2026-05-29 16:31:17', 1, '2026-05-29 16:31:17', 1),
(20, 'KONTRAK/2026/012/P15', 15, 2, '2026-01-01', '2026-12-31', '140000.00', 'Active', '2026-05-29 16:31:17', 1, '2026-05-29 16:31:17', 1),
(21, 'KONTRAK/2026/013/P16', 16, 3, '2026-01-01', '2026-12-31', '115000.00', 'Active', '2026-05-29 16:31:17', 1, '2026-05-29 16:31:17', 1),
(22, 'KONTRAK/2026/014/P17', 17, 4, '2026-01-01', '2026-12-31', '105000.00', 'Active', '2026-05-29 16:31:17', 1, '2026-05-29 16:31:17', 1),
(23, 'KONTRAK/2026/015/P18', 18, 5, '2026-01-01', '2026-12-31', '98000.00', 'Active', '2026-05-29 16:31:17', 1, '2026-05-29 16:31:17', 1),
(24, 'KONTRAK/2026/016/P19', 19, 1, '2026-01-01', '2026-12-31', '120000.00', 'Active', '2026-05-29 16:31:17', 1, '2026-05-29 16:31:17', 1),
(25, 'KONTRAK/2026/017/P20', 20, 2, '2026-01-01', '2026-12-31', '160000.00', 'Active', '2026-05-29 16:31:17', 1, '2026-05-29 16:31:17', 1),
(26, 'KONTRAK/2026/018/P21', 21, 3, '2026-01-01', '2026-12-31', '108000.00', 'Active', '2026-05-29 16:31:17', 1, '2026-05-29 16:31:17', 1),
(27, 'KONTRAK/2026/019/P22', 22, 4, '2026-01-01', '2026-12-31', '145000.00', 'Active', '2026-05-29 16:31:17', 1, '2026-05-29 16:31:17', 1),
(28, 'KONTRAK/2026/020/P23', 23, 5, '2026-01-01', '2026-12-31', '75000.00', 'Active', '2026-05-29 16:31:17', 1, '2026-05-29 16:31:17', 1),
(29, 'KONTRAK/2026/021/P24', 24, 1, '2026-01-01', '2026-12-31', '112000.00', 'Active', '2026-05-29 16:31:17', 1, '2026-05-29 16:31:17', 1),
(30, 'KONTRAK/2026/022/P25', 25, 2, '2026-01-01', '2026-12-31', '118000.00', 'Active', '2026-05-29 16:31:17', 1, '2026-05-29 16:31:17', 1),
(31, 'KONTRAK/2026/023/P26', 26, 3, '2026-01-01', '2026-12-31', '70000.00', 'Active', '2026-05-29 16:31:17', 1, '2026-05-29 16:31:17', 1),
(32, 'KONTRAK/2026/024/P27', 27, 4, '2026-01-01', '2026-12-31', '135000.00', 'Active', '2026-05-29 16:31:17', 1, '2026-05-29 16:31:17', 1),
(33, 'KONTRAK/2026/025/P28', 28, 5, '2026-01-01', '2026-12-31', '125000.00', 'Active', '2026-05-29 16:31:17', 1, '2026-05-29 16:31:17', 1),
(34, 'KONTRAK/2026/026/P29', 29, 1, '2026-01-01', '2026-12-31', '115000.00', 'Active', '2026-05-29 16:31:17', 1, '2026-05-29 16:31:17', 1),
(35, 'KONTRAK/2026/027/P30', 30, 2, '2026-01-01', '2026-12-31', '102000.00', 'Active', '2026-05-29 16:31:17', 1, '2026-05-29 16:31:17', 1),
(36, 'KONTRAK/2026/028/P31', 31, 3, '2026-01-01', '2026-12-31', '155000.00', 'Active', '2026-05-29 16:31:17', 1, '2026-05-29 16:31:17', 1),
(37, 'KONTRAK/2026/029/P32', 32, 4, '2026-01-01', '2026-12-31', '128000.00', 'Active', '2026-05-29 16:31:17', 1, '2026-05-29 16:31:17', 1),
(38, 'KONTRAK/2026/030/P33', 33, 5, '2026-01-01', '2026-12-31', '90000.00', 'Active', '2026-05-29 16:31:17', 1, '2026-05-29 16:31:17', 1),
(39, 'KONTRAK/2026/031/P34', 34, 1, '2026-01-01', '2026-12-31', '150000.00', 'Active', '2026-05-29 16:31:17', 1, '2026-05-29 16:31:17', 1),
(40, 'KONTRAK/2026/032/P35', 35, 2, '2026-01-01', '2026-12-31', '85000.00', 'Active', '2026-05-29 16:31:17', 1, '2026-05-29 16:31:17', 1);

-- --------------------------------------------------------

--
-- Table structure for table `contract_items`
--

CREATE TABLE `contract_items` (
  `id` int NOT NULL,
  `contract_id` int NOT NULL,
  `item_id` int NOT NULL,
  `uom_id` int DEFAULT NULL,
  `estimated_quantity` decimal(15,2) DEFAULT NULL,
  `unit_price` decimal(15,2) DEFAULT NULL,
  `is_internally_supplied` tinyint(1) DEFAULT '0',
  `notes` text,
  `created_at` datetime DEFAULT CURRENT_TIMESTAMP,
  `created_by` int DEFAULT NULL,
  `updated_at` datetime DEFAULT CURRENT_TIMESTAMP ON UPDATE CURRENT_TIMESTAMP,
  `updated_by` int DEFAULT NULL
) ENGINE=InnoDB DEFAULT CHARSET=utf8mb4 COLLATE=utf8mb4_0900_ai_ci;

--
-- Dumping data for table `contract_items`
--

INSERT INTO `contract_items` (`id`, `contract_id`, `item_id`, `uom_id`, `estimated_quantity`, `unit_price`, `is_internally_supplied`, `notes`, `created_at`, `created_by`, `updated_at`, `updated_by`) VALUES
(1, 1, 1, 1, '200.00', '5.50', 0, 'Bekalan untuk tahun akademik 2026', '2026-01-01 00:00:00', 1, '2026-05-24 02:31:03', 1),
(2, 1, 2, 2, '150.00', '22.00', 0, 'Kertas untuk fotokopi dan pencetakan', '2026-01-01 00:00:00', 1, '2026-05-24 02:31:03', 1),
(3, 1, 3, 3, '100.00', '8.50', 0, 'Alatan tulis pelajar', '2026-01-01 00:00:00', 1, '2026-05-24 02:31:03', 1),
(4, 2, 4, 4, '15.00', '85.00', 0, 'Untuk acara sukan sekolah', '2026-01-01 00:00:00', 1, '2026-05-24 02:31:03', 1),
(5, 2, 5, 5, '30.00', '45.00', 0, 'Peralatan sukan badminton', '2026-01-01 00:00:00', 1, '2026-05-24 02:31:03', 1),
(6, 2, 6, 6, '5.00', '4500.00', 0, 'Penggantian komputer lama', '2026-01-01 00:00:00', 1, '2026-05-24 02:31:03', 1),
(7, 3, 7, 7, '25.00', '120.00', 0, 'Toner untuk mesin printer', '2026-01-01 00:00:00', 1, '2026-05-24 02:31:03', 1),
(8, 4, 8, 8, '50.00', '12.00', 0, 'Bekalan kebersihan ruang kelas', '2026-01-01 00:00:00', 1, '2026-05-24 02:31:03', 1),
(9, 5, 9, 9, '10.00', '150.00', 0, 'Peralatan dapur untuk kafeteria sekolah', '2026-01-01 00:00:00', 1, '2026-05-24 02:31:03', 1),
(10, 14, 30, 10, '100.00', '12.00', 0, 'Ration item', '2026-05-29 16:31:17', 1, '2026-05-29 16:31:17', NULL),
(11, 14, 29, 10, '100.00', '1.20', 0, 'Ration item', '2026-05-29 16:31:17', 1, '2026-05-29 16:31:17', NULL),
(12, 14, 28, 10, '100.00', '5.50', 0, 'Ration item', '2026-05-29 16:31:17', 1, '2026-05-29 16:31:17', NULL),
(13, 14, 27, 11, '100.00', '4.50', 0, 'Ration item', '2026-05-29 16:31:17', 1, '2026-05-29 16:31:17', NULL),
(14, 14, 26, 10, '100.00', '2.50', 0, 'Ration item', '2026-05-29 16:31:17', 1, '2026-05-29 16:31:17', NULL),
(15, 14, 25, 11, '100.00', '3.50', 0, 'Ration item', '2026-05-29 16:31:17', 1, '2026-05-29 16:31:17', NULL),
(16, 14, 24, 4, '100.00', '0.60', 0, 'Ration item', '2026-05-29 16:31:17', 1, '2026-05-29 16:31:17', NULL),
(17, 14, 23, 10, '100.00', '2.80', 0, 'Ration item', '2026-05-29 16:31:17', 1, '2026-05-29 16:31:17', NULL),
(18, 14, 22, 10, '100.00', '25.00', 0, 'Ration item', '2026-05-29 16:31:17', 1, '2026-05-29 16:31:17', NULL),
(19, 14, 21, 10, '100.00', '15.00', 0, 'Ration item', '2026-05-29 16:31:17', 1, '2026-05-29 16:31:17', NULL),
(20, 14, 20, 10, '100.00', '3.00', 0, 'Ration item', '2026-05-29 16:31:17', 1, '2026-05-29 16:31:17', NULL),
(21, 14, 19, 10, '100.00', '6.00', 0, 'Ration item', '2026-05-29 16:31:17', 1, '2026-05-29 16:31:17', NULL),
(22, 14, 18, 10, '100.00', '4.00', 0, 'Ration item', '2026-05-29 16:31:17', 1, '2026-05-29 16:31:17', NULL),
(23, 14, 17, 10, '100.00', '2.80', 0, 'Ration item', '2026-05-29 16:31:17', 1, '2026-05-29 16:31:17', NULL),
(24, 14, 16, 10, '100.00', '3.50', 0, 'Ration item', '2026-05-29 16:31:17', 1, '2026-05-29 16:31:17', NULL),
(25, 14, 15, 10, '100.00', '12.50', 0, 'Ration item', '2026-05-29 16:31:17', 1, '2026-05-29 16:31:17', NULL),
(26, 14, 14, 10, '100.00', '18.00', 0, 'Ration item', '2026-05-29 16:31:17', 1, '2026-05-29 16:31:17', NULL),
(27, 14, 13, 10, '100.00', '8.50', 0, 'Ration item', '2026-05-29 16:31:17', 1, '2026-05-29 16:31:17', NULL),
(28, 15, 30, 10, '100.00', '12.00', 0, 'Ration item', '2026-05-29 16:31:17', 1, '2026-05-29 16:31:17', NULL),
(29, 15, 29, 10, '100.00', '1.20', 0, 'Ration item', '2026-05-29 16:31:17', 1, '2026-05-29 16:31:17', NULL),
(30, 15, 28, 10, '100.00', '5.50', 0, 'Ration item', '2026-05-29 16:31:17', 1, '2026-05-29 16:31:17', NULL),
(31, 15, 27, 11, '100.00', '4.50', 0, 'Ration item', '2026-05-29 16:31:17', 1, '2026-05-29 16:31:17', NULL),
(32, 15, 26, 10, '100.00', '2.50', 0, 'Ration item', '2026-05-29 16:31:17', 1, '2026-05-29 16:31:17', NULL),
(33, 15, 25, 11, '100.00', '3.50', 0, 'Ration item', '2026-05-29 16:31:17', 1, '2026-05-29 16:31:17', NULL),
(34, 15, 24, 4, '100.00', '0.60', 0, 'Ration item', '2026-05-29 16:31:17', 1, '2026-05-29 16:31:17', NULL),
(35, 15, 23, 10, '100.00', '2.80', 0, 'Ration item', '2026-05-29 16:31:17', 1, '2026-05-29 16:31:17', NULL),
(36, 15, 22, 10, '100.00', '25.00', 0, 'Ration item', '2026-05-29 16:31:17', 1, '2026-05-29 16:31:17', NULL),
(37, 15, 21, 10, '100.00', '15.00', 0, 'Ration item', '2026-05-29 16:31:17', 1, '2026-05-29 16:31:17', NULL),
(38, 15, 20, 10, '100.00', '3.00', 0, 'Ration item', '2026-05-29 16:31:17', 1, '2026-05-29 16:31:17', NULL),
(39, 15, 19, 10, '100.00', '6.00', 0, 'Ration item', '2026-05-29 16:31:17', 1, '2026-05-29 16:31:17', NULL),
(40, 15, 18, 10, '100.00', '4.00', 0, 'Ration item', '2026-05-29 16:31:17', 1, '2026-05-29 16:31:17', NULL),
(41, 15, 17, 10, '100.00', '2.80', 0, 'Ration item', '2026-05-29 16:31:17', 1, '2026-05-29 16:31:17', NULL),
(42, 15, 16, 10, '100.00', '3.50', 0, 'Ration item', '2026-05-29 16:31:17', 1, '2026-05-29 16:31:17', NULL),
(43, 15, 15, 10, '100.00', '12.50', 0, 'Ration item', '2026-05-29 16:31:17', 1, '2026-05-29 16:31:17', NULL),
(44, 15, 14, 10, '100.00', '18.00', 0, 'Ration item', '2026-05-29 16:31:17', 1, '2026-05-29 16:31:17', NULL),
(45, 15, 13, 10, '100.00', '8.50', 0, 'Ration item', '2026-05-29 16:31:17', 1, '2026-05-29 16:31:17', NULL),
(46, 16, 30, 10, '100.00', '12.00', 0, 'Ration item', '2026-05-29 16:31:17', 1, '2026-05-29 16:31:17', NULL),
(47, 16, 29, 10, '100.00', '1.20', 0, 'Ration item', '2026-05-29 16:31:17', 1, '2026-05-29 16:31:17', NULL),
(48, 16, 28, 10, '100.00', '5.50', 0, 'Ration item', '2026-05-29 16:31:17', 1, '2026-05-29 16:31:17', NULL),
(49, 16, 27, 11, '100.00', '4.50', 0, 'Ration item', '2026-05-29 16:31:17', 1, '2026-05-29 16:31:17', NULL),
(50, 16, 26, 10, '100.00', '2.50', 0, 'Ration item', '2026-05-29 16:31:17', 1, '2026-05-29 16:31:17', NULL),
(51, 16, 25, 11, '100.00', '3.50', 0, 'Ration item', '2026-05-29 16:31:17', 1, '2026-05-29 16:31:17', NULL),
(52, 16, 24, 4, '100.00', '0.60', 0, 'Ration item', '2026-05-29 16:31:17', 1, '2026-05-29 16:31:17', NULL),
(53, 16, 23, 10, '100.00', '2.80', 0, 'Ration item', '2026-05-29 16:31:17', 1, '2026-05-29 16:31:17', NULL),
(54, 16, 22, 10, '100.00', '25.00', 0, 'Ration item', '2026-05-29 16:31:17', 1, '2026-05-29 16:31:17', NULL),
(55, 16, 21, 10, '100.00', '15.00', 0, 'Ration item', '2026-05-29 16:31:17', 1, '2026-05-29 16:31:17', NULL),
(56, 16, 20, 10, '100.00', '3.00', 0, 'Ration item', '2026-05-29 16:31:17', 1, '2026-05-29 16:31:17', NULL),
(57, 16, 19, 10, '100.00', '6.00', 0, 'Ration item', '2026-05-29 16:31:17', 1, '2026-05-29 16:31:17', NULL),
(58, 16, 18, 10, '100.00', '4.00', 0, 'Ration item', '2026-05-29 16:31:17', 1, '2026-05-29 16:31:17', NULL),
(59, 16, 17, 10, '100.00', '2.80', 0, 'Ration item', '2026-05-29 16:31:17', 1, '2026-05-29 16:31:17', NULL),
(60, 16, 16, 10, '100.00', '3.50', 0, 'Ration item', '2026-05-29 16:31:17', 1, '2026-05-29 16:31:17', NULL),
(61, 16, 15, 10, '100.00', '12.50', 0, 'Ration item', '2026-05-29 16:31:17', 1, '2026-05-29 16:31:17', NULL),
(62, 16, 14, 10, '100.00', '18.00', 0, 'Ration item', '2026-05-29 16:31:17', 1, '2026-05-29 16:31:17', NULL),
(63, 16, 13, 10, '100.00', '8.50', 0, 'Ration item', '2026-05-29 16:31:17', 1, '2026-05-29 16:31:17', NULL),
(64, 17, 30, 10, '100.00', '12.00', 0, 'Ration item', '2026-05-29 16:31:17', 1, '2026-05-29 16:31:17', NULL),
(65, 17, 29, 10, '100.00', '1.20', 0, 'Ration item', '2026-05-29 16:31:17', 1, '2026-05-29 16:31:17', NULL),
(66, 17, 28, 10, '100.00', '5.50', 0, 'Ration item', '2026-05-29 16:31:17', 1, '2026-05-29 16:31:17', NULL),
(67, 17, 27, 11, '100.00', '4.50', 0, 'Ration item', '2026-05-29 16:31:17', 1, '2026-05-29 16:31:17', NULL),
(68, 17, 26, 10, '100.00', '2.50', 0, 'Ration item', '2026-05-29 16:31:17', 1, '2026-05-29 16:31:17', NULL),
(69, 17, 25, 11, '100.00', '3.50', 0, 'Ration item', '2026-05-29 16:31:17', 1, '2026-05-29 16:31:17', NULL),
(70, 17, 24, 4, '100.00', '0.60', 0, 'Ration item', '2026-05-29 16:31:17', 1, '2026-05-29 16:31:17', NULL),
(71, 17, 23, 10, '100.00', '2.80', 0, 'Ration item', '2026-05-29 16:31:17', 1, '2026-05-29 16:31:17', NULL),
(72, 17, 22, 10, '100.00', '25.00', 0, 'Ration item', '2026-05-29 16:31:17', 1, '2026-05-29 16:31:17', NULL),
(73, 17, 21, 10, '100.00', '15.00', 0, 'Ration item', '2026-05-29 16:31:17', 1, '2026-05-29 16:31:17', NULL),
(74, 17, 20, 10, '100.00', '3.00', 0, 'Ration item', '2026-05-29 16:31:17', 1, '2026-05-29 16:31:17', NULL),
(75, 17, 19, 10, '100.00', '6.00', 0, 'Ration item', '2026-05-29 16:31:17', 1, '2026-05-29 16:31:17', NULL),
(76, 17, 18, 10, '100.00', '4.00', 0, 'Ration item', '2026-05-29 16:31:17', 1, '2026-05-29 16:31:17', NULL),
(77, 17, 17, 10, '100.00', '2.80', 0, 'Ration item', '2026-05-29 16:31:17', 1, '2026-05-29 16:31:17', NULL),
(78, 17, 16, 10, '100.00', '3.50', 0, 'Ration item', '2026-05-29 16:31:17', 1, '2026-05-29 16:31:17', NULL),
(79, 17, 15, 10, '100.00', '12.50', 0, 'Ration item', '2026-05-29 16:31:17', 1, '2026-05-29 16:31:17', NULL),
(80, 17, 14, 10, '100.00', '18.00', 0, 'Ration item', '2026-05-29 16:31:17', 1, '2026-05-29 16:31:17', NULL),
(81, 17, 13, 10, '100.00', '8.50', 0, 'Ration item', '2026-05-29 16:31:17', 1, '2026-05-29 16:31:17', NULL),
(82, 18, 30, 10, '100.00', '12.00', 0, 'Ration item', '2026-05-29 16:31:17', 1, '2026-05-29 16:31:17', NULL),
(83, 18, 29, 10, '100.00', '1.20', 0, 'Ration item', '2026-05-29 16:31:17', 1, '2026-05-29 16:31:17', NULL),
(84, 18, 28, 10, '100.00', '5.50', 0, 'Ration item', '2026-05-29 16:31:17', 1, '2026-05-29 16:31:17', NULL),
(85, 18, 27, 11, '100.00', '4.50', 0, 'Ration item', '2026-05-29 16:31:17', 1, '2026-05-29 16:31:17', NULL),
(86, 18, 26, 10, '100.00', '2.50', 0, 'Ration item', '2026-05-29 16:31:17', 1, '2026-05-29 16:31:17', NULL),
(87, 18, 25, 11, '100.00', '3.50', 0, 'Ration item', '2026-05-29 16:31:17', 1, '2026-05-29 16:31:17', NULL),
(88, 18, 24, 4, '100.00', '0.60', 0, 'Ration item', '2026-05-29 16:31:17', 1, '2026-05-29 16:31:17', NULL),
(89, 18, 23, 10, '100.00', '2.80', 0, 'Ration item', '2026-05-29 16:31:17', 1, '2026-05-29 16:31:17', NULL),
(90, 18, 22, 10, '100.00', '25.00', 0, 'Ration item', '2026-05-29 16:31:17', 1, '2026-05-29 16:31:17', NULL),
(91, 18, 21, 10, '100.00', '15.00', 0, 'Ration item', '2026-05-29 16:31:17', 1, '2026-05-29 16:31:17', NULL),
(92, 18, 20, 10, '100.00', '3.00', 0, 'Ration item', '2026-05-29 16:31:17', 1, '2026-05-29 16:31:17', NULL),
(93, 18, 19, 10, '100.00', '6.00', 0, 'Ration item', '2026-05-29 16:31:17', 1, '2026-05-29 16:31:17', NULL),
(94, 18, 18, 10, '100.00', '4.00', 0, 'Ration item', '2026-05-29 16:31:17', 1, '2026-05-29 16:31:17', NULL),
(95, 18, 17, 10, '100.00', '2.80', 0, 'Ration item', '2026-05-29 16:31:17', 1, '2026-05-29 16:31:17', NULL),
(96, 18, 16, 10, '100.00', '3.50', 0, 'Ration item', '2026-05-29 16:31:17', 1, '2026-05-29 16:31:17', NULL),
(97, 18, 15, 10, '100.00', '12.50', 0, 'Ration item', '2026-05-29 16:31:17', 1, '2026-05-29 16:31:17', NULL),
(98, 18, 14, 10, '100.00', '18.00', 0, 'Ration item', '2026-05-29 16:31:17', 1, '2026-05-29 16:31:17', NULL),
(99, 18, 13, 10, '100.00', '8.50', 0, 'Ration item', '2026-05-29 16:31:17', 1, '2026-05-29 16:31:17', NULL),
(100, 19, 30, 10, '100.00', '12.00', 0, 'Ration item', '2026-05-29 16:31:17', 1, '2026-05-29 16:31:17', NULL),
(101, 19, 29, 10, '100.00', '1.20', 0, 'Ration item', '2026-05-29 16:31:17', 1, '2026-05-29 16:31:17', NULL),
(102, 19, 28, 10, '100.00', '5.50', 0, 'Ration item', '2026-05-29 16:31:17', 1, '2026-05-29 16:31:17', NULL),
(103, 19, 27, 11, '100.00', '4.50', 0, 'Ration item', '2026-05-29 16:31:17', 1, '2026-05-29 16:31:17', NULL),
(104, 19, 26, 10, '100.00', '2.50', 0, 'Ration item', '2026-05-29 16:31:17', 1, '2026-05-29 16:31:17', NULL),
(105, 19, 25, 11, '100.00', '3.50', 0, 'Ration item', '2026-05-29 16:31:17', 1, '2026-05-29 16:31:17', NULL),
(106, 19, 24, 4, '100.00', '0.60', 0, 'Ration item', '2026-05-29 16:31:17', 1, '2026-05-29 16:31:17', NULL),
(107, 19, 23, 10, '100.00', '2.80', 0, 'Ration item', '2026-05-29 16:31:17', 1, '2026-05-29 16:31:17', NULL),
(108, 19, 22, 10, '100.00', '25.00', 0, 'Ration item', '2026-05-29 16:31:17', 1, '2026-05-29 16:31:17', NULL),
(109, 19, 21, 10, '100.00', '15.00', 0, 'Ration item', '2026-05-29 16:31:17', 1, '2026-05-29 16:31:17', NULL),
(110, 19, 20, 10, '100.00', '3.00', 0, 'Ration item', '2026-05-29 16:31:17', 1, '2026-05-29 16:31:17', NULL),
(111, 19, 19, 10, '100.00', '6.00', 0, 'Ration item', '2026-05-29 16:31:17', 1, '2026-05-29 16:31:17', NULL),
(112, 19, 18, 10, '100.00', '4.00', 0, 'Ration item', '2026-05-29 16:31:17', 1, '2026-05-29 16:31:17', NULL),
(113, 19, 17, 10, '100.00', '2.80', 0, 'Ration item', '2026-05-29 16:31:17', 1, '2026-05-29 16:31:17', NULL),
(114, 19, 16, 10, '100.00', '3.50', 0, 'Ration item', '2026-05-29 16:31:17', 1, '2026-05-29 16:31:17', NULL),
(115, 19, 15, 10, '100.00', '12.50', 0, 'Ration item', '2026-05-29 16:31:17', 1, '2026-05-29 16:31:17', NULL),
(116, 19, 14, 10, '100.00', '18.00', 0, 'Ration item', '2026-05-29 16:31:17', 1, '2026-05-29 16:31:17', NULL),
(117, 19, 13, 10, '100.00', '8.50', 0, 'Ration item', '2026-05-29 16:31:17', 1, '2026-05-29 16:31:17', NULL),
(118, 20, 30, 10, '100.00', '12.00', 0, 'Ration item', '2026-05-29 16:31:17', 1, '2026-05-29 16:31:17', NULL),
(119, 20, 29, 10, '100.00', '1.20', 0, 'Ration item', '2026-05-29 16:31:17', 1, '2026-05-29 16:31:17', NULL),
(120, 20, 28, 10, '100.00', '5.50', 0, 'Ration item', '2026-05-29 16:31:17', 1, '2026-05-29 16:31:17', NULL),
(121, 20, 27, 11, '100.00', '4.50', 0, 'Ration item', '2026-05-29 16:31:17', 1, '2026-05-29 16:31:17', NULL),
(122, 20, 26, 10, '100.00', '2.50', 0, 'Ration item', '2026-05-29 16:31:17', 1, '2026-05-29 16:31:17', NULL),
(123, 20, 25, 11, '100.00', '3.50', 0, 'Ration item', '2026-05-29 16:31:17', 1, '2026-05-29 16:31:17', NULL),
(124, 20, 24, 4, '100.00', '0.60', 0, 'Ration item', '2026-05-29 16:31:17', 1, '2026-05-29 16:31:17', NULL),
(125, 20, 23, 10, '100.00', '2.80', 0, 'Ration item', '2026-05-29 16:31:17', 1, '2026-05-29 16:31:17', NULL),
(126, 20, 22, 10, '100.00', '25.00', 0, 'Ration item', '2026-05-29 16:31:17', 1, '2026-05-29 16:31:17', NULL),
(127, 20, 21, 10, '100.00', '15.00', 0, 'Ration item', '2026-05-29 16:31:17', 1, '2026-05-29 16:31:17', NULL),
(128, 20, 20, 10, '100.00', '3.00', 0, 'Ration item', '2026-05-29 16:31:17', 1, '2026-05-29 16:31:17', NULL),
(129, 20, 19, 10, '100.00', '6.00', 0, 'Ration item', '2026-05-29 16:31:17', 1, '2026-05-29 16:31:17', NULL),
(130, 20, 18, 10, '100.00', '4.00', 0, 'Ration item', '2026-05-29 16:31:17', 1, '2026-05-29 16:31:17', NULL),
(131, 20, 17, 10, '100.00', '2.80', 0, 'Ration item', '2026-05-29 16:31:17', 1, '2026-05-29 16:31:17', NULL),
(132, 20, 16, 10, '100.00', '3.50', 0, 'Ration item', '2026-05-29 16:31:17', 1, '2026-05-29 16:31:17', NULL),
(133, 20, 15, 10, '100.00', '12.50', 0, 'Ration item', '2026-05-29 16:31:17', 1, '2026-05-29 16:31:17', NULL),
(134, 20, 14, 10, '100.00', '18.00', 0, 'Ration item', '2026-05-29 16:31:17', 1, '2026-05-29 16:31:17', NULL),
(135, 20, 13, 10, '100.00', '8.50', 0, 'Ration item', '2026-05-29 16:31:17', 1, '2026-05-29 16:31:17', NULL),
(136, 21, 30, 10, '100.00', '12.00', 0, 'Ration item', '2026-05-29 16:31:17', 1, '2026-05-29 16:31:17', NULL),
(137, 21, 29, 10, '100.00', '1.20', 0, 'Ration item', '2026-05-29 16:31:17', 1, '2026-05-29 16:31:17', NULL),
(138, 21, 28, 10, '100.00', '5.50', 0, 'Ration item', '2026-05-29 16:31:17', 1, '2026-05-29 16:31:17', NULL),
(139, 21, 27, 11, '100.00', '4.50', 0, 'Ration item', '2026-05-29 16:31:17', 1, '2026-05-29 16:31:17', NULL),
(140, 21, 26, 10, '100.00', '2.50', 0, 'Ration item', '2026-05-29 16:31:17', 1, '2026-05-29 16:31:17', NULL),
(141, 21, 25, 11, '100.00', '3.50', 0, 'Ration item', '2026-05-29 16:31:17', 1, '2026-05-29 16:31:17', NULL),
(142, 21, 24, 4, '100.00', '0.60', 0, 'Ration item', '2026-05-29 16:31:17', 1, '2026-05-29 16:31:17', NULL),
(143, 21, 23, 10, '100.00', '2.80', 0, 'Ration item', '2026-05-29 16:31:17', 1, '2026-05-29 16:31:17', NULL),
(144, 21, 22, 10, '100.00', '25.00', 0, 'Ration item', '2026-05-29 16:31:17', 1, '2026-05-29 16:31:17', NULL),
(145, 21, 21, 10, '100.00', '15.00', 0, 'Ration item', '2026-05-29 16:31:17', 1, '2026-05-29 16:31:17', NULL),
(146, 21, 20, 10, '100.00', '3.00', 0, 'Ration item', '2026-05-29 16:31:17', 1, '2026-05-29 16:31:17', NULL),
(147, 21, 19, 10, '100.00', '6.00', 0, 'Ration item', '2026-05-29 16:31:17', 1, '2026-05-29 16:31:17', NULL),
(148, 21, 18, 10, '100.00', '4.00', 0, 'Ration item', '2026-05-29 16:31:17', 1, '2026-05-29 16:31:17', NULL),
(149, 21, 17, 10, '100.00', '2.80', 0, 'Ration item', '2026-05-29 16:31:17', 1, '2026-05-29 16:31:17', NULL),
(150, 21, 16, 10, '100.00', '3.50', 0, 'Ration item', '2026-05-29 16:31:17', 1, '2026-05-29 16:31:17', NULL),
(151, 21, 15, 10, '100.00', '12.50', 0, 'Ration item', '2026-05-29 16:31:17', 1, '2026-05-29 16:31:17', NULL),
(152, 21, 14, 10, '100.00', '18.00', 0, 'Ration item', '2026-05-29 16:31:17', 1, '2026-05-29 16:31:17', NULL),
(153, 21, 13, 10, '100.00', '8.50', 0, 'Ration item', '2026-05-29 16:31:17', 1, '2026-05-29 16:31:17', NULL),
(154, 22, 30, 10, '100.00', '12.00', 0, 'Ration item', '2026-05-29 16:31:17', 1, '2026-05-29 16:31:17', NULL),
(155, 22, 29, 10, '100.00', '1.20', 0, 'Ration item', '2026-05-29 16:31:17', 1, '2026-05-29 16:31:17', NULL),
(156, 22, 28, 10, '100.00', '5.50', 0, 'Ration item', '2026-05-29 16:31:17', 1, '2026-05-29 16:31:17', NULL),
(157, 22, 27, 11, '100.00', '4.50', 0, 'Ration item', '2026-05-29 16:31:17', 1, '2026-05-29 16:31:17', NULL),
(158, 22, 26, 10, '100.00', '2.50', 0, 'Ration item', '2026-05-29 16:31:17', 1, '2026-05-29 16:31:17', NULL),
(159, 22, 25, 11, '100.00', '3.50', 0, 'Ration item', '2026-05-29 16:31:17', 1, '2026-05-29 16:31:17', NULL),
(160, 22, 24, 4, '100.00', '0.60', 0, 'Ration item', '2026-05-29 16:31:17', 1, '2026-05-29 16:31:17', NULL),
(161, 22, 23, 10, '100.00', '2.80', 0, 'Ration item', '2026-05-29 16:31:17', 1, '2026-05-29 16:31:17', NULL),
(162, 22, 22, 10, '100.00', '25.00', 0, 'Ration item', '2026-05-29 16:31:17', 1, '2026-05-29 16:31:17', NULL),
(163, 22, 21, 10, '100.00', '15.00', 0, 'Ration item', '2026-05-29 16:31:17', 1, '2026-05-29 16:31:17', NULL),
(164, 22, 20, 10, '100.00', '3.00', 0, 'Ration item', '2026-05-29 16:31:17', 1, '2026-05-29 16:31:17', NULL),
(165, 22, 19, 10, '100.00', '6.00', 0, 'Ration item', '2026-05-29 16:31:17', 1, '2026-05-29 16:31:17', NULL),
(166, 22, 18, 10, '100.00', '4.00', 0, 'Ration item', '2026-05-29 16:31:17', 1, '2026-05-29 16:31:17', NULL),
(167, 22, 17, 10, '100.00', '2.80', 0, 'Ration item', '2026-05-29 16:31:17', 1, '2026-05-29 16:31:17', NULL),
(168, 22, 16, 10, '100.00', '3.50', 0, 'Ration item', '2026-05-29 16:31:17', 1, '2026-05-29 16:31:17', NULL),
(169, 22, 15, 10, '100.00', '12.50', 0, 'Ration item', '2026-05-29 16:31:17', 1, '2026-05-29 16:31:17', NULL),
(170, 22, 14, 10, '100.00', '18.00', 0, 'Ration item', '2026-05-29 16:31:17', 1, '2026-05-29 16:31:17', NULL),
(171, 22, 13, 10, '100.00', '8.50', 0, 'Ration item', '2026-05-29 16:31:17', 1, '2026-05-29 16:31:17', NULL),
(172, 23, 30, 10, '100.00', '12.00', 0, 'Ration item', '2026-05-29 16:31:17', 1, '2026-05-29 16:31:17', NULL),
(173, 23, 29, 10, '100.00', '1.20', 0, 'Ration item', '2026-05-29 16:31:17', 1, '2026-05-29 16:31:17', NULL),
(174, 23, 28, 10, '100.00', '5.50', 0, 'Ration item', '2026-05-29 16:31:17', 1, '2026-05-29 16:31:17', NULL),
(175, 23, 27, 11, '100.00', '4.50', 0, 'Ration item', '2026-05-29 16:31:17', 1, '2026-05-29 16:31:17', NULL),
(176, 23, 26, 10, '100.00', '2.50', 0, 'Ration item', '2026-05-29 16:31:17', 1, '2026-05-29 16:31:17', NULL),
(177, 23, 25, 11, '100.00', '3.50', 0, 'Ration item', '2026-05-29 16:31:17', 1, '2026-05-29 16:31:17', NULL),
(178, 23, 24, 4, '100.00', '0.60', 0, 'Ration item', '2026-05-29 16:31:17', 1, '2026-05-29 16:31:17', NULL),
(179, 23, 23, 10, '100.00', '2.80', 0, 'Ration item', '2026-05-29 16:31:17', 1, '2026-05-29 16:31:17', NULL),
(180, 23, 22, 10, '100.00', '25.00', 0, 'Ration item', '2026-05-29 16:31:17', 1, '2026-05-29 16:31:17', NULL),
(181, 23, 21, 10, '100.00', '15.00', 0, 'Ration item', '2026-05-29 16:31:17', 1, '2026-05-29 16:31:17', NULL),
(182, 23, 20, 10, '100.00', '3.00', 0, 'Ration item', '2026-05-29 16:31:17', 1, '2026-05-29 16:31:17', NULL),
(183, 23, 19, 10, '100.00', '6.00', 0, 'Ration item', '2026-05-29 16:31:17', 1, '2026-05-29 16:31:17', NULL),
(184, 23, 18, 10, '100.00', '4.00', 0, 'Ration item', '2026-05-29 16:31:17', 1, '2026-05-29 16:31:17', NULL),
(185, 23, 17, 10, '100.00', '2.80', 0, 'Ration item', '2026-05-29 16:31:17', 1, '2026-05-29 16:31:17', NULL),
(186, 23, 16, 10, '100.00', '3.50', 0, 'Ration item', '2026-05-29 16:31:17', 1, '2026-05-29 16:31:17', NULL),
(187, 23, 15, 10, '100.00', '12.50', 0, 'Ration item', '2026-05-29 16:31:17', 1, '2026-05-29 16:31:17', NULL),
(188, 23, 14, 10, '100.00', '18.00', 0, 'Ration item', '2026-05-29 16:31:17', 1, '2026-05-29 16:31:17', NULL),
(189, 23, 13, 10, '100.00', '8.50', 0, 'Ration item', '2026-05-29 16:31:17', 1, '2026-05-29 16:31:17', NULL),
(190, 24, 30, 10, '100.00', '12.00', 0, 'Ration item', '2026-05-29 16:31:17', 1, '2026-05-29 16:31:17', NULL),
(191, 24, 29, 10, '100.00', '1.20', 0, 'Ration item', '2026-05-29 16:31:17', 1, '2026-05-29 16:31:17', NULL),
(192, 24, 28, 10, '100.00', '5.50', 0, 'Ration item', '2026-05-29 16:31:17', 1, '2026-05-29 16:31:17', NULL),
(193, 24, 27, 11, '100.00', '4.50', 0, 'Ration item', '2026-05-29 16:31:17', 1, '2026-05-29 16:31:17', NULL),
(194, 24, 26, 10, '100.00', '2.50', 0, 'Ration item', '2026-05-29 16:31:17', 1, '2026-05-29 16:31:17', NULL),
(195, 24, 25, 11, '100.00', '3.50', 0, 'Ration item', '2026-05-29 16:31:17', 1, '2026-05-29 16:31:17', NULL),
(196, 24, 24, 4, '100.00', '0.60', 0, 'Ration item', '2026-05-29 16:31:17', 1, '2026-05-29 16:31:17', NULL),
(197, 24, 23, 10, '100.00', '2.80', 0, 'Ration item', '2026-05-29 16:31:17', 1, '2026-05-29 16:31:17', NULL),
(198, 24, 22, 10, '100.00', '25.00', 0, 'Ration item', '2026-05-29 16:31:17', 1, '2026-05-29 16:31:17', NULL),
(199, 24, 21, 10, '100.00', '15.00', 0, 'Ration item', '2026-05-29 16:31:17', 1, '2026-05-29 16:31:17', NULL),
(200, 24, 20, 10, '100.00', '3.00', 0, 'Ration item', '2026-05-29 16:31:17', 1, '2026-05-29 16:31:17', NULL),
(201, 24, 19, 10, '100.00', '6.00', 0, 'Ration item', '2026-05-29 16:31:17', 1, '2026-05-29 16:31:17', NULL),
(202, 24, 18, 10, '100.00', '4.00', 0, 'Ration item', '2026-05-29 16:31:17', 1, '2026-05-29 16:31:17', NULL),
(203, 24, 17, 10, '100.00', '2.80', 0, 'Ration item', '2026-05-29 16:31:17', 1, '2026-05-29 16:31:17', NULL),
(204, 24, 16, 10, '100.00', '3.50', 0, 'Ration item', '2026-05-29 16:31:17', 1, '2026-05-29 16:31:17', NULL),
(205, 24, 15, 10, '100.00', '12.50', 0, 'Ration item', '2026-05-29 16:31:17', 1, '2026-05-29 16:31:17', NULL),
(206, 24, 14, 10, '100.00', '18.00', 0, 'Ration item', '2026-05-29 16:31:17', 1, '2026-05-29 16:31:17', NULL),
(207, 24, 13, 10, '100.00', '8.50', 0, 'Ration item', '2026-05-29 16:31:17', 1, '2026-05-29 16:31:17', NULL),
(208, 25, 30, 10, '100.00', '12.00', 0, 'Ration item', '2026-05-29 16:31:17', 1, '2026-05-29 16:31:17', NULL),
(209, 25, 29, 10, '100.00', '1.20', 0, 'Ration item', '2026-05-29 16:31:17', 1, '2026-05-29 16:31:17', NULL),
(210, 25, 28, 10, '100.00', '5.50', 0, 'Ration item', '2026-05-29 16:31:17', 1, '2026-05-29 16:31:17', NULL),
(211, 25, 27, 11, '100.00', '4.50', 0, 'Ration item', '2026-05-29 16:31:17', 1, '2026-05-29 16:31:17', NULL),
(212, 25, 26, 10, '100.00', '2.50', 0, 'Ration item', '2026-05-29 16:31:17', 1, '2026-05-29 16:31:17', NULL),
(213, 25, 25, 11, '100.00', '3.50', 0, 'Ration item', '2026-05-29 16:31:17', 1, '2026-05-29 16:31:17', NULL),
(214, 25, 24, 4, '100.00', '0.60', 0, 'Ration item', '2026-05-29 16:31:17', 1, '2026-05-29 16:31:17', NULL),
(215, 25, 23, 10, '100.00', '2.80', 0, 'Ration item', '2026-05-29 16:31:17', 1, '2026-05-29 16:31:17', NULL),
(216, 25, 22, 10, '100.00', '25.00', 0, 'Ration item', '2026-05-29 16:31:17', 1, '2026-05-29 16:31:17', NULL),
(217, 25, 21, 10, '100.00', '15.00', 0, 'Ration item', '2026-05-29 16:31:17', 1, '2026-05-29 16:31:17', NULL),
(218, 25, 20, 10, '100.00', '3.00', 0, 'Ration item', '2026-05-29 16:31:17', 1, '2026-05-29 16:31:17', NULL),
(219, 25, 19, 10, '100.00', '6.00', 0, 'Ration item', '2026-05-29 16:31:17', 1, '2026-05-29 16:31:17', NULL),
(220, 25, 18, 10, '100.00', '4.00', 0, 'Ration item', '2026-05-29 16:31:17', 1, '2026-05-29 16:31:17', NULL),
(221, 25, 17, 10, '100.00', '2.80', 0, 'Ration item', '2026-05-29 16:31:17', 1, '2026-05-29 16:31:17', NULL),
(222, 25, 16, 10, '100.00', '3.50', 0, 'Ration item', '2026-05-29 16:31:17', 1, '2026-05-29 16:31:17', NULL),
(223, 25, 15, 10, '100.00', '12.50', 0, 'Ration item', '2026-05-29 16:31:17', 1, '2026-05-29 16:31:17', NULL),
(224, 25, 14, 10, '100.00', '18.00', 0, 'Ration item', '2026-05-29 16:31:17', 1, '2026-05-29 16:31:17', NULL),
(225, 25, 13, 10, '100.00', '8.50', 0, 'Ration item', '2026-05-29 16:31:17', 1, '2026-05-29 16:31:17', NULL),
(226, 26, 30, 10, '100.00', '12.00', 0, 'Ration item', '2026-05-29 16:31:17', 1, '2026-05-29 16:31:17', NULL),
(227, 26, 29, 10, '100.00', '1.20', 0, 'Ration item', '2026-05-29 16:31:17', 1, '2026-05-29 16:31:17', NULL),
(228, 26, 28, 10, '100.00', '5.50', 0, 'Ration item', '2026-05-29 16:31:17', 1, '2026-05-29 16:31:17', NULL),
(229, 26, 27, 11, '100.00', '4.50', 0, 'Ration item', '2026-05-29 16:31:17', 1, '2026-05-29 16:31:17', NULL),
(230, 26, 26, 10, '100.00', '2.50', 0, 'Ration item', '2026-05-29 16:31:17', 1, '2026-05-29 16:31:17', NULL),
(231, 26, 25, 11, '100.00', '3.50', 0, 'Ration item', '2026-05-29 16:31:17', 1, '2026-05-29 16:31:17', NULL),
(232, 26, 24, 4, '100.00', '0.60', 0, 'Ration item', '2026-05-29 16:31:17', 1, '2026-05-29 16:31:17', NULL),
(233, 26, 23, 10, '100.00', '2.80', 0, 'Ration item', '2026-05-29 16:31:17', 1, '2026-05-29 16:31:17', NULL),
(234, 26, 22, 10, '100.00', '25.00', 0, 'Ration item', '2026-05-29 16:31:17', 1, '2026-05-29 16:31:17', NULL),
(235, 26, 21, 10, '100.00', '15.00', 0, 'Ration item', '2026-05-29 16:31:17', 1, '2026-05-29 16:31:17', NULL),
(236, 26, 20, 10, '100.00', '3.00', 0, 'Ration item', '2026-05-29 16:31:17', 1, '2026-05-29 16:31:17', NULL),
(237, 26, 19, 10, '100.00', '6.00', 0, 'Ration item', '2026-05-29 16:31:17', 1, '2026-05-29 16:31:17', NULL),
(238, 26, 18, 10, '100.00', '4.00', 0, 'Ration item', '2026-05-29 16:31:17', 1, '2026-05-29 16:31:17', NULL),
(239, 26, 17, 10, '100.00', '2.80', 0, 'Ration item', '2026-05-29 16:31:17', 1, '2026-05-29 16:31:17', NULL),
(240, 26, 16, 10, '100.00', '3.50', 0, 'Ration item', '2026-05-29 16:31:17', 1, '2026-05-29 16:31:17', NULL),
(241, 26, 15, 10, '100.00', '12.50', 0, 'Ration item', '2026-05-29 16:31:17', 1, '2026-05-29 16:31:17', NULL),
(242, 26, 14, 10, '100.00', '18.00', 0, 'Ration item', '2026-05-29 16:31:17', 1, '2026-05-29 16:31:17', NULL),
(243, 26, 13, 10, '100.00', '8.50', 0, 'Ration item', '2026-05-29 16:31:17', 1, '2026-05-29 16:31:17', NULL),
(244, 27, 30, 10, '100.00', '12.00', 0, 'Ration item', '2026-05-29 16:31:17', 1, '2026-05-29 16:31:17', NULL),
(245, 27, 29, 10, '100.00', '1.20', 0, 'Ration item', '2026-05-29 16:31:17', 1, '2026-05-29 16:31:17', NULL),
(246, 27, 28, 10, '100.00', '5.50', 0, 'Ration item', '2026-05-29 16:31:17', 1, '2026-05-29 16:31:17', NULL),
(247, 27, 27, 11, '100.00', '4.50', 0, 'Ration item', '2026-05-29 16:31:17', 1, '2026-05-29 16:31:17', NULL),
(248, 27, 26, 10, '100.00', '2.50', 0, 'Ration item', '2026-05-29 16:31:17', 1, '2026-05-29 16:31:17', NULL),
(249, 27, 25, 11, '100.00', '3.50', 0, 'Ration item', '2026-05-29 16:31:17', 1, '2026-05-29 16:31:17', NULL),
(250, 27, 24, 4, '100.00', '0.60', 0, 'Ration item', '2026-05-29 16:31:17', 1, '2026-05-29 16:31:17', NULL),
(251, 27, 23, 10, '100.00', '2.80', 0, 'Ration item', '2026-05-29 16:31:17', 1, '2026-05-29 16:31:17', NULL),
(252, 27, 22, 10, '100.00', '25.00', 0, 'Ration item', '2026-05-29 16:31:17', 1, '2026-05-29 16:31:17', NULL),
(253, 27, 21, 10, '100.00', '15.00', 0, 'Ration item', '2026-05-29 16:31:17', 1, '2026-05-29 16:31:17', NULL),
(254, 27, 20, 10, '100.00', '3.00', 0, 'Ration item', '2026-05-29 16:31:17', 1, '2026-05-29 16:31:17', NULL),
(255, 27, 19, 10, '100.00', '6.00', 0, 'Ration item', '2026-05-29 16:31:17', 1, '2026-05-29 16:31:17', NULL),
(256, 27, 18, 10, '100.00', '4.00', 0, 'Ration item', '2026-05-29 16:31:17', 1, '2026-05-29 16:31:17', NULL),
(257, 27, 17, 10, '100.00', '2.80', 0, 'Ration item', '2026-05-29 16:31:17', 1, '2026-05-29 16:31:17', NULL),
(258, 27, 16, 10, '100.00', '3.50', 0, 'Ration item', '2026-05-29 16:31:17', 1, '2026-05-29 16:31:17', NULL),
(259, 27, 15, 10, '100.00', '12.50', 0, 'Ration item', '2026-05-29 16:31:17', 1, '2026-05-29 16:31:17', NULL),
(260, 27, 14, 10, '100.00', '18.00', 0, 'Ration item', '2026-05-29 16:31:17', 1, '2026-05-29 16:31:17', NULL),
(261, 27, 13, 10, '100.00', '8.50', 0, 'Ration item', '2026-05-29 16:31:17', 1, '2026-05-29 16:31:17', NULL),
(262, 28, 30, 10, '100.00', '12.00', 0, 'Ration item', '2026-05-29 16:31:17', 1, '2026-05-29 16:31:17', NULL),
(263, 28, 29, 10, '100.00', '1.20', 0, 'Ration item', '2026-05-29 16:31:17', 1, '2026-05-29 16:31:17', NULL),
(264, 28, 28, 10, '100.00', '5.50', 0, 'Ration item', '2026-05-29 16:31:17', 1, '2026-05-29 16:31:17', NULL),
(265, 28, 27, 11, '100.00', '4.50', 0, 'Ration item', '2026-05-29 16:31:17', 1, '2026-05-29 16:31:17', NULL),
(266, 28, 26, 10, '100.00', '2.50', 0, 'Ration item', '2026-05-29 16:31:17', 1, '2026-05-29 16:31:17', NULL),
(267, 28, 25, 11, '100.00', '3.50', 0, 'Ration item', '2026-05-29 16:31:17', 1, '2026-05-29 16:31:17', NULL),
(268, 28, 24, 4, '100.00', '0.60', 0, 'Ration item', '2026-05-29 16:31:17', 1, '2026-05-29 16:31:17', NULL),
(269, 28, 23, 10, '100.00', '2.80', 0, 'Ration item', '2026-05-29 16:31:17', 1, '2026-05-29 16:31:17', NULL),
(270, 28, 22, 10, '100.00', '25.00', 0, 'Ration item', '2026-05-29 16:31:17', 1, '2026-05-29 16:31:17', NULL),
(271, 28, 21, 10, '100.00', '15.00', 0, 'Ration item', '2026-05-29 16:31:17', 1, '2026-05-29 16:31:17', NULL),
(272, 28, 20, 10, '100.00', '3.00', 0, 'Ration item', '2026-05-29 16:31:17', 1, '2026-05-29 16:31:17', NULL),
(273, 28, 19, 10, '100.00', '6.00', 0, 'Ration item', '2026-05-29 16:31:17', 1, '2026-05-29 16:31:17', NULL),
(274, 28, 18, 10, '100.00', '4.00', 0, 'Ration item', '2026-05-29 16:31:17', 1, '2026-05-29 16:31:17', NULL),
(275, 28, 17, 10, '100.00', '2.80', 0, 'Ration item', '2026-05-29 16:31:17', 1, '2026-05-29 16:31:17', NULL),
(276, 28, 16, 10, '100.00', '3.50', 0, 'Ration item', '2026-05-29 16:31:17', 1, '2026-05-29 16:31:17', NULL),
(277, 28, 15, 10, '100.00', '12.50', 0, 'Ration item', '2026-05-29 16:31:17', 1, '2026-05-29 16:31:17', NULL),
(278, 28, 14, 10, '100.00', '18.00', 0, 'Ration item', '2026-05-29 16:31:17', 1, '2026-05-29 16:31:17', NULL),
(279, 28, 13, 10, '100.00', '8.50', 0, 'Ration item', '2026-05-29 16:31:17', 1, '2026-05-29 16:31:17', NULL),
(280, 29, 30, 10, '100.00', '12.00', 0, 'Ration item', '2026-05-29 16:31:17', 1, '2026-05-29 16:31:17', NULL),
(281, 29, 29, 10, '100.00', '1.20', 0, 'Ration item', '2026-05-29 16:31:17', 1, '2026-05-29 16:31:17', NULL),
(282, 29, 28, 10, '100.00', '5.50', 0, 'Ration item', '2026-05-29 16:31:17', 1, '2026-05-29 16:31:17', NULL),
(283, 29, 27, 11, '100.00', '4.50', 0, 'Ration item', '2026-05-29 16:31:17', 1, '2026-05-29 16:31:17', NULL),
(284, 29, 26, 10, '100.00', '2.50', 0, 'Ration item', '2026-05-29 16:31:17', 1, '2026-05-29 16:31:17', NULL),
(285, 29, 25, 11, '100.00', '3.50', 0, 'Ration item', '2026-05-29 16:31:17', 1, '2026-05-29 16:31:17', NULL),
(286, 29, 24, 4, '100.00', '0.60', 0, 'Ration item', '2026-05-29 16:31:17', 1, '2026-05-29 16:31:17', NULL),
(287, 29, 23, 10, '100.00', '2.80', 0, 'Ration item', '2026-05-29 16:31:17', 1, '2026-05-29 16:31:17', NULL),
(288, 29, 22, 10, '100.00', '25.00', 0, 'Ration item', '2026-05-29 16:31:17', 1, '2026-05-29 16:31:17', NULL),
(289, 29, 21, 10, '100.00', '15.00', 0, 'Ration item', '2026-05-29 16:31:17', 1, '2026-05-29 16:31:17', NULL),
(290, 29, 20, 10, '100.00', '3.00', 0, 'Ration item', '2026-05-29 16:31:17', 1, '2026-05-29 16:31:17', NULL),
(291, 29, 19, 10, '100.00', '6.00', 0, 'Ration item', '2026-05-29 16:31:17', 1, '2026-05-29 16:31:17', NULL),
(292, 29, 18, 10, '100.00', '4.00', 0, 'Ration item', '2026-05-29 16:31:17', 1, '2026-05-29 16:31:17', NULL),
(293, 29, 17, 10, '100.00', '2.80', 0, 'Ration item', '2026-05-29 16:31:17', 1, '2026-05-29 16:31:17', NULL),
(294, 29, 16, 10, '100.00', '3.50', 0, 'Ration item', '2026-05-29 16:31:17', 1, '2026-05-29 16:31:17', NULL),
(295, 29, 15, 10, '100.00', '12.50', 0, 'Ration item', '2026-05-29 16:31:17', 1, '2026-05-29 16:31:17', NULL),
(296, 29, 14, 10, '100.00', '18.00', 0, 'Ration item', '2026-05-29 16:31:17', 1, '2026-05-29 16:31:17', NULL),
(297, 29, 13, 10, '100.00', '8.50', 0, 'Ration item', '2026-05-29 16:31:17', 1, '2026-05-29 16:31:17', NULL),
(298, 30, 30, 10, '100.00', '12.00', 0, 'Ration item', '2026-05-29 16:31:17', 1, '2026-05-29 16:31:17', NULL),
(299, 30, 29, 10, '100.00', '1.20', 0, 'Ration item', '2026-05-29 16:31:17', 1, '2026-05-29 16:31:17', NULL),
(300, 30, 28, 10, '100.00', '5.50', 0, 'Ration item', '2026-05-29 16:31:17', 1, '2026-05-29 16:31:17', NULL),
(301, 30, 27, 11, '100.00', '4.50', 0, 'Ration item', '2026-05-29 16:31:17', 1, '2026-05-29 16:31:17', NULL),
(302, 30, 26, 10, '100.00', '2.50', 0, 'Ration item', '2026-05-29 16:31:17', 1, '2026-05-29 16:31:17', NULL),
(303, 30, 25, 11, '100.00', '3.50', 0, 'Ration item', '2026-05-29 16:31:17', 1, '2026-05-29 16:31:17', NULL),
(304, 30, 24, 4, '100.00', '0.60', 0, 'Ration item', '2026-05-29 16:31:17', 1, '2026-05-29 16:31:17', NULL),
(305, 30, 23, 10, '100.00', '2.80', 0, 'Ration item', '2026-05-29 16:31:17', 1, '2026-05-29 16:31:17', NULL),
(306, 30, 22, 10, '100.00', '25.00', 0, 'Ration item', '2026-05-29 16:31:17', 1, '2026-05-29 16:31:17', NULL),
(307, 30, 21, 10, '100.00', '15.00', 0, 'Ration item', '2026-05-29 16:31:17', 1, '2026-05-29 16:31:17', NULL),
(308, 30, 20, 10, '100.00', '3.00', 0, 'Ration item', '2026-05-29 16:31:17', 1, '2026-05-29 16:31:17', NULL),
(309, 30, 19, 10, '100.00', '6.00', 0, 'Ration item', '2026-05-29 16:31:17', 1, '2026-05-29 16:31:17', NULL),
(310, 30, 18, 10, '100.00', '4.00', 0, 'Ration item', '2026-05-29 16:31:17', 1, '2026-05-29 16:31:17', NULL),
(311, 30, 17, 10, '100.00', '2.80', 0, 'Ration item', '2026-05-29 16:31:17', 1, '2026-05-29 16:31:17', NULL),
(312, 30, 16, 10, '100.00', '3.50', 0, 'Ration item', '2026-05-29 16:31:17', 1, '2026-05-29 16:31:17', NULL),
(313, 30, 15, 10, '100.00', '12.50', 0, 'Ration item', '2026-05-29 16:31:17', 1, '2026-05-29 16:31:17', NULL),
(314, 30, 14, 10, '100.00', '18.00', 0, 'Ration item', '2026-05-29 16:31:17', 1, '2026-05-29 16:31:17', NULL),
(315, 30, 13, 10, '100.00', '8.50', 0, 'Ration item', '2026-05-29 16:31:17', 1, '2026-05-29 16:31:17', NULL),
(316, 31, 30, 10, '100.00', '12.00', 0, 'Ration item', '2026-05-29 16:31:17', 1, '2026-05-29 16:31:17', NULL),
(317, 31, 29, 10, '100.00', '1.20', 0, 'Ration item', '2026-05-29 16:31:17', 1, '2026-05-29 16:31:17', NULL),
(318, 31, 28, 10, '100.00', '5.50', 0, 'Ration item', '2026-05-29 16:31:17', 1, '2026-05-29 16:31:17', NULL),
(319, 31, 27, 11, '100.00', '4.50', 0, 'Ration item', '2026-05-29 16:31:17', 1, '2026-05-29 16:31:17', NULL),
(320, 31, 26, 10, '100.00', '2.50', 0, 'Ration item', '2026-05-29 16:31:17', 1, '2026-05-29 16:31:17', NULL),
(321, 31, 25, 11, '100.00', '3.50', 0, 'Ration item', '2026-05-29 16:31:17', 1, '2026-05-29 16:31:17', NULL),
(322, 31, 24, 4, '100.00', '0.60', 0, 'Ration item', '2026-05-29 16:31:17', 1, '2026-05-29 16:31:17', NULL),
(323, 31, 23, 10, '100.00', '2.80', 0, 'Ration item', '2026-05-29 16:31:17', 1, '2026-05-29 16:31:17', NULL),
(324, 31, 22, 10, '100.00', '25.00', 0, 'Ration item', '2026-05-29 16:31:17', 1, '2026-05-29 16:31:17', NULL),
(325, 31, 21, 10, '100.00', '15.00', 0, 'Ration item', '2026-05-29 16:31:17', 1, '2026-05-29 16:31:17', NULL),
(326, 31, 20, 10, '100.00', '3.00', 0, 'Ration item', '2026-05-29 16:31:17', 1, '2026-05-29 16:31:17', NULL),
(327, 31, 19, 10, '100.00', '6.00', 0, 'Ration item', '2026-05-29 16:31:17', 1, '2026-05-29 16:31:17', NULL),
(328, 31, 18, 10, '100.00', '4.00', 0, 'Ration item', '2026-05-29 16:31:17', 1, '2026-05-29 16:31:17', NULL),
(329, 31, 17, 10, '100.00', '2.80', 0, 'Ration item', '2026-05-29 16:31:17', 1, '2026-05-29 16:31:17', NULL),
(330, 31, 16, 10, '100.00', '3.50', 0, 'Ration item', '2026-05-29 16:31:17', 1, '2026-05-29 16:31:17', NULL),
(331, 31, 15, 10, '100.00', '12.50', 0, 'Ration item', '2026-05-29 16:31:17', 1, '2026-05-29 16:31:17', NULL),
(332, 31, 14, 10, '100.00', '18.00', 0, 'Ration item', '2026-05-29 16:31:17', 1, '2026-05-29 16:31:17', NULL),
(333, 31, 13, 10, '100.00', '8.50', 0, 'Ration item', '2026-05-29 16:31:17', 1, '2026-05-29 16:31:17', NULL),
(334, 32, 30, 10, '100.00', '12.00', 0, 'Ration item', '2026-05-29 16:31:17', 1, '2026-05-29 16:31:17', NULL),
(335, 32, 29, 10, '100.00', '1.20', 0, 'Ration item', '2026-05-29 16:31:17', 1, '2026-05-29 16:31:17', NULL),
(336, 32, 28, 10, '100.00', '5.50', 0, 'Ration item', '2026-05-29 16:31:17', 1, '2026-05-29 16:31:17', NULL),
(337, 32, 27, 11, '100.00', '4.50', 0, 'Ration item', '2026-05-29 16:31:17', 1, '2026-05-29 16:31:17', NULL),
(338, 32, 26, 10, '100.00', '2.50', 0, 'Ration item', '2026-05-29 16:31:17', 1, '2026-05-29 16:31:17', NULL),
(339, 32, 25, 11, '100.00', '3.50', 0, 'Ration item', '2026-05-29 16:31:17', 1, '2026-05-29 16:31:17', NULL),
(340, 32, 24, 4, '100.00', '0.60', 0, 'Ration item', '2026-05-29 16:31:17', 1, '2026-05-29 16:31:17', NULL),
(341, 32, 23, 10, '100.00', '2.80', 0, 'Ration item', '2026-05-29 16:31:17', 1, '2026-05-29 16:31:17', NULL),
(342, 32, 22, 10, '100.00', '25.00', 0, 'Ration item', '2026-05-29 16:31:17', 1, '2026-05-29 16:31:17', NULL),
(343, 32, 21, 10, '100.00', '15.00', 0, 'Ration item', '2026-05-29 16:31:17', 1, '2026-05-29 16:31:17', NULL),
(344, 32, 20, 10, '100.00', '3.00', 0, 'Ration item', '2026-05-29 16:31:17', 1, '2026-05-29 16:31:17', NULL),
(345, 32, 19, 10, '100.00', '6.00', 0, 'Ration item', '2026-05-29 16:31:17', 1, '2026-05-29 16:31:17', NULL),
(346, 32, 18, 10, '100.00', '4.00', 0, 'Ration item', '2026-05-29 16:31:17', 1, '2026-05-29 16:31:17', NULL),
(347, 32, 17, 10, '100.00', '2.80', 0, 'Ration item', '2026-05-29 16:31:17', 1, '2026-05-29 16:31:17', NULL),
(348, 32, 16, 10, '100.00', '3.50', 0, 'Ration item', '2026-05-29 16:31:17', 1, '2026-05-29 16:31:17', NULL),
(349, 32, 15, 10, '100.00', '12.50', 0, 'Ration item', '2026-05-29 16:31:17', 1, '2026-05-29 16:31:17', NULL),
(350, 32, 14, 10, '100.00', '18.00', 0, 'Ration item', '2026-05-29 16:31:17', 1, '2026-05-29 16:31:17', NULL),
(351, 32, 13, 10, '100.00', '8.50', 0, 'Ration item', '2026-05-29 16:31:17', 1, '2026-05-29 16:31:17', NULL),
(352, 33, 30, 10, '100.00', '12.00', 0, 'Ration item', '2026-05-29 16:31:17', 1, '2026-05-29 16:31:17', NULL),
(353, 33, 29, 10, '100.00', '1.20', 0, 'Ration item', '2026-05-29 16:31:17', 1, '2026-05-29 16:31:17', NULL),
(354, 33, 28, 10, '100.00', '5.50', 0, 'Ration item', '2026-05-29 16:31:17', 1, '2026-05-29 16:31:17', NULL),
(355, 33, 27, 11, '100.00', '4.50', 0, 'Ration item', '2026-05-29 16:31:17', 1, '2026-05-29 16:31:17', NULL),
(356, 33, 26, 10, '100.00', '2.50', 0, 'Ration item', '2026-05-29 16:31:17', 1, '2026-05-29 16:31:17', NULL),
(357, 33, 25, 11, '100.00', '3.50', 0, 'Ration item', '2026-05-29 16:31:17', 1, '2026-05-29 16:31:17', NULL),
(358, 33, 24, 4, '100.00', '0.60', 0, 'Ration item', '2026-05-29 16:31:17', 1, '2026-05-29 16:31:17', NULL),
(359, 33, 23, 10, '100.00', '2.80', 0, 'Ration item', '2026-05-29 16:31:17', 1, '2026-05-29 16:31:17', NULL),
(360, 33, 22, 10, '100.00', '25.00', 0, 'Ration item', '2026-05-29 16:31:17', 1, '2026-05-29 16:31:17', NULL),
(361, 33, 21, 10, '100.00', '15.00', 0, 'Ration item', '2026-05-29 16:31:17', 1, '2026-05-29 16:31:17', NULL),
(362, 33, 20, 10, '100.00', '3.00', 0, 'Ration item', '2026-05-29 16:31:17', 1, '2026-05-29 16:31:17', NULL),
(363, 33, 19, 10, '100.00', '6.00', 0, 'Ration item', '2026-05-29 16:31:17', 1, '2026-05-29 16:31:17', NULL),
(364, 33, 18, 10, '100.00', '4.00', 0, 'Ration item', '2026-05-29 16:31:17', 1, '2026-05-29 16:31:17', NULL),
(365, 33, 17, 10, '100.00', '2.80', 0, 'Ration item', '2026-05-29 16:31:17', 1, '2026-05-29 16:31:17', NULL),
(366, 33, 16, 10, '100.00', '3.50', 0, 'Ration item', '2026-05-29 16:31:17', 1, '2026-05-29 16:31:17', NULL),
(367, 33, 15, 10, '100.00', '12.50', 0, 'Ration item', '2026-05-29 16:31:17', 1, '2026-05-29 16:31:17', NULL),
(368, 33, 14, 10, '100.00', '18.00', 0, 'Ration item', '2026-05-29 16:31:17', 1, '2026-05-29 16:31:17', NULL),
(369, 33, 13, 10, '100.00', '8.50', 0, 'Ration item', '2026-05-29 16:31:17', 1, '2026-05-29 16:31:17', NULL),
(370, 34, 30, 10, '100.00', '12.00', 0, 'Ration item', '2026-05-29 16:31:17', 1, '2026-05-29 16:31:17', NULL),
(371, 34, 29, 10, '100.00', '1.20', 0, 'Ration item', '2026-05-29 16:31:17', 1, '2026-05-29 16:31:17', NULL),
(372, 34, 28, 10, '100.00', '5.50', 0, 'Ration item', '2026-05-29 16:31:17', 1, '2026-05-29 16:31:17', NULL),
(373, 34, 27, 11, '100.00', '4.50', 0, 'Ration item', '2026-05-29 16:31:17', 1, '2026-05-29 16:31:17', NULL),
(374, 34, 26, 10, '100.00', '2.50', 0, 'Ration item', '2026-05-29 16:31:17', 1, '2026-05-29 16:31:17', NULL),
(375, 34, 25, 11, '100.00', '3.50', 0, 'Ration item', '2026-05-29 16:31:17', 1, '2026-05-29 16:31:17', NULL),
(376, 34, 24, 4, '100.00', '0.60', 0, 'Ration item', '2026-05-29 16:31:17', 1, '2026-05-29 16:31:17', NULL),
(377, 34, 23, 10, '100.00', '2.80', 0, 'Ration item', '2026-05-29 16:31:17', 1, '2026-05-29 16:31:17', NULL),
(378, 34, 22, 10, '100.00', '25.00', 0, 'Ration item', '2026-05-29 16:31:17', 1, '2026-05-29 16:31:17', NULL),
(379, 34, 21, 10, '100.00', '15.00', 0, 'Ration item', '2026-05-29 16:31:17', 1, '2026-05-29 16:31:17', NULL),
(380, 34, 20, 10, '100.00', '3.00', 0, 'Ration item', '2026-05-29 16:31:17', 1, '2026-05-29 16:31:17', NULL),
(381, 34, 19, 10, '100.00', '6.00', 0, 'Ration item', '2026-05-29 16:31:17', 1, '2026-05-29 16:31:17', NULL),
(382, 34, 18, 10, '100.00', '4.00', 0, 'Ration item', '2026-05-29 16:31:17', 1, '2026-05-29 16:31:17', NULL),
(383, 34, 17, 10, '100.00', '2.80', 0, 'Ration item', '2026-05-29 16:31:17', 1, '2026-05-29 16:31:17', NULL),
(384, 34, 16, 10, '100.00', '3.50', 0, 'Ration item', '2026-05-29 16:31:17', 1, '2026-05-29 16:31:17', NULL),
(385, 34, 15, 10, '100.00', '12.50', 0, 'Ration item', '2026-05-29 16:31:17', 1, '2026-05-29 16:31:17', NULL),
(386, 34, 14, 10, '100.00', '18.00', 0, 'Ration item', '2026-05-29 16:31:17', 1, '2026-05-29 16:31:17', NULL),
(387, 34, 13, 10, '100.00', '8.50', 0, 'Ration item', '2026-05-29 16:31:17', 1, '2026-05-29 16:31:17', NULL),
(388, 35, 30, 10, '100.00', '12.00', 0, 'Ration item', '2026-05-29 16:31:17', 1, '2026-05-29 16:31:17', NULL),
(389, 35, 29, 10, '100.00', '1.20', 0, 'Ration item', '2026-05-29 16:31:17', 1, '2026-05-29 16:31:17', NULL),
(390, 35, 28, 10, '100.00', '5.50', 0, 'Ration item', '2026-05-29 16:31:17', 1, '2026-05-29 16:31:17', NULL),
(391, 35, 27, 11, '100.00', '4.50', 0, 'Ration item', '2026-05-29 16:31:17', 1, '2026-05-29 16:31:17', NULL),
(392, 35, 26, 10, '100.00', '2.50', 0, 'Ration item', '2026-05-29 16:31:17', 1, '2026-05-29 16:31:17', NULL),
(393, 35, 25, 11, '100.00', '3.50', 0, 'Ration item', '2026-05-29 16:31:17', 1, '2026-05-29 16:31:17', NULL),
(394, 35, 24, 4, '100.00', '0.60', 0, 'Ration item', '2026-05-29 16:31:17', 1, '2026-05-29 16:31:17', NULL),
(395, 35, 23, 10, '100.00', '2.80', 0, 'Ration item', '2026-05-29 16:31:17', 1, '2026-05-29 16:31:17', NULL),
(396, 35, 22, 10, '100.00', '25.00', 0, 'Ration item', '2026-05-29 16:31:17', 1, '2026-05-29 16:31:17', NULL),
(397, 35, 21, 10, '100.00', '15.00', 0, 'Ration item', '2026-05-29 16:31:17', 1, '2026-05-29 16:31:17', NULL),
(398, 35, 20, 10, '100.00', '3.00', 0, 'Ration item', '2026-05-29 16:31:17', 1, '2026-05-29 16:31:17', NULL),
(399, 35, 19, 10, '100.00', '6.00', 0, 'Ration item', '2026-05-29 16:31:17', 1, '2026-05-29 16:31:17', NULL),
(400, 35, 18, 10, '100.00', '4.00', 0, 'Ration item', '2026-05-29 16:31:17', 1, '2026-05-29 16:31:17', NULL),
(401, 35, 17, 10, '100.00', '2.80', 0, 'Ration item', '2026-05-29 16:31:17', 1, '2026-05-29 16:31:17', NULL),
(402, 35, 16, 10, '100.00', '3.50', 0, 'Ration item', '2026-05-29 16:31:17', 1, '2026-05-29 16:31:17', NULL),
(403, 35, 15, 10, '100.00', '12.50', 0, 'Ration item', '2026-05-29 16:31:17', 1, '2026-05-29 16:31:17', NULL),
(404, 35, 14, 10, '100.00', '18.00', 0, 'Ration item', '2026-05-29 16:31:17', 1, '2026-05-29 16:31:17', NULL),
(405, 35, 13, 10, '100.00', '8.50', 0, 'Ration item', '2026-05-29 16:31:17', 1, '2026-05-29 16:31:17', NULL),
(406, 36, 30, 10, '100.00', '12.00', 0, 'Ration item', '2026-05-29 16:31:17', 1, '2026-05-29 16:31:17', NULL),
(407, 36, 29, 10, '100.00', '1.20', 0, 'Ration item', '2026-05-29 16:31:17', 1, '2026-05-29 16:31:17', NULL),
(408, 36, 28, 10, '100.00', '5.50', 0, 'Ration item', '2026-05-29 16:31:17', 1, '2026-05-29 16:31:17', NULL),
(409, 36, 27, 11, '100.00', '4.50', 0, 'Ration item', '2026-05-29 16:31:17', 1, '2026-05-29 16:31:17', NULL),
(410, 36, 26, 10, '100.00', '2.50', 0, 'Ration item', '2026-05-29 16:31:17', 1, '2026-05-29 16:31:17', NULL),
(411, 36, 25, 11, '100.00', '3.50', 0, 'Ration item', '2026-05-29 16:31:17', 1, '2026-05-29 16:31:17', NULL),
(412, 36, 24, 4, '100.00', '0.60', 0, 'Ration item', '2026-05-29 16:31:17', 1, '2026-05-29 16:31:17', NULL),
(413, 36, 23, 10, '100.00', '2.80', 0, 'Ration item', '2026-05-29 16:31:17', 1, '2026-05-29 16:31:17', NULL),
(414, 36, 22, 10, '100.00', '25.00', 0, 'Ration item', '2026-05-29 16:31:17', 1, '2026-05-29 16:31:17', NULL),
(415, 36, 21, 10, '100.00', '15.00', 0, 'Ration item', '2026-05-29 16:31:17', 1, '2026-05-29 16:31:17', NULL),
(416, 36, 20, 10, '100.00', '3.00', 0, 'Ration item', '2026-05-29 16:31:17', 1, '2026-05-29 16:31:17', NULL),
(417, 36, 19, 10, '100.00', '6.00', 0, 'Ration item', '2026-05-29 16:31:17', 1, '2026-05-29 16:31:17', NULL),
(418, 36, 18, 10, '100.00', '4.00', 0, 'Ration item', '2026-05-29 16:31:17', 1, '2026-05-29 16:31:17', NULL),
(419, 36, 17, 10, '100.00', '2.80', 0, 'Ration item', '2026-05-29 16:31:17', 1, '2026-05-29 16:31:17', NULL),
(420, 36, 16, 10, '100.00', '3.50', 0, 'Ration item', '2026-05-29 16:31:17', 1, '2026-05-29 16:31:17', NULL),
(421, 36, 15, 10, '100.00', '12.50', 0, 'Ration item', '2026-05-29 16:31:17', 1, '2026-05-29 16:31:17', NULL),
(422, 36, 14, 10, '100.00', '18.00', 0, 'Ration item', '2026-05-29 16:31:17', 1, '2026-05-29 16:31:17', NULL),
(423, 36, 13, 10, '100.00', '8.50', 0, 'Ration item', '2026-05-29 16:31:17', 1, '2026-05-29 16:31:17', NULL),
(424, 37, 30, 10, '100.00', '12.00', 0, 'Ration item', '2026-05-29 16:31:17', 1, '2026-05-29 16:31:17', NULL),
(425, 37, 29, 10, '100.00', '1.20', 0, 'Ration item', '2026-05-29 16:31:17', 1, '2026-05-29 16:31:17', NULL),
(426, 37, 28, 10, '100.00', '5.50', 0, 'Ration item', '2026-05-29 16:31:17', 1, '2026-05-29 16:31:17', NULL),
(427, 37, 27, 11, '100.00', '4.50', 0, 'Ration item', '2026-05-29 16:31:17', 1, '2026-05-29 16:31:17', NULL),
(428, 37, 26, 10, '100.00', '2.50', 0, 'Ration item', '2026-05-29 16:31:17', 1, '2026-05-29 16:31:17', NULL),
(429, 37, 25, 11, '100.00', '3.50', 0, 'Ration item', '2026-05-29 16:31:17', 1, '2026-05-29 16:31:17', NULL),
(430, 37, 24, 4, '100.00', '0.60', 0, 'Ration item', '2026-05-29 16:31:17', 1, '2026-05-29 16:31:17', NULL),
(431, 37, 23, 10, '100.00', '2.80', 0, 'Ration item', '2026-05-29 16:31:17', 1, '2026-05-29 16:31:17', NULL),
(432, 37, 22, 10, '100.00', '25.00', 0, 'Ration item', '2026-05-29 16:31:17', 1, '2026-05-29 16:31:17', NULL),
(433, 37, 21, 10, '100.00', '15.00', 0, 'Ration item', '2026-05-29 16:31:17', 1, '2026-05-29 16:31:17', NULL),
(434, 37, 20, 10, '100.00', '3.00', 0, 'Ration item', '2026-05-29 16:31:17', 1, '2026-05-29 16:31:17', NULL),
(435, 37, 19, 10, '100.00', '6.00', 0, 'Ration item', '2026-05-29 16:31:17', 1, '2026-05-29 16:31:17', NULL),
(436, 37, 18, 10, '100.00', '4.00', 0, 'Ration item', '2026-05-29 16:31:17', 1, '2026-05-29 16:31:17', NULL),
(437, 37, 17, 10, '100.00', '2.80', 0, 'Ration item', '2026-05-29 16:31:17', 1, '2026-05-29 16:31:17', NULL),
(438, 37, 16, 10, '100.00', '3.50', 0, 'Ration item', '2026-05-29 16:31:17', 1, '2026-05-29 16:31:17', NULL),
(439, 37, 15, 10, '100.00', '12.50', 0, 'Ration item', '2026-05-29 16:31:17', 1, '2026-05-29 16:31:17', NULL),
(440, 37, 14, 10, '100.00', '18.00', 0, 'Ration item', '2026-05-29 16:31:17', 1, '2026-05-29 16:31:17', NULL),
(441, 37, 13, 10, '100.00', '8.50', 0, 'Ration item', '2026-05-29 16:31:17', 1, '2026-05-29 16:31:17', NULL),
(442, 38, 30, 10, '100.00', '12.00', 0, 'Ration item', '2026-05-29 16:31:17', 1, '2026-05-29 16:31:17', NULL),
(443, 38, 29, 10, '100.00', '1.20', 0, 'Ration item', '2026-05-29 16:31:17', 1, '2026-05-29 16:31:17', NULL),
(444, 38, 28, 10, '100.00', '5.50', 0, 'Ration item', '2026-05-29 16:31:17', 1, '2026-05-29 16:31:17', NULL),
(445, 38, 27, 11, '100.00', '4.50', 0, 'Ration item', '2026-05-29 16:31:17', 1, '2026-05-29 16:31:17', NULL),
(446, 38, 26, 10, '100.00', '2.50', 0, 'Ration item', '2026-05-29 16:31:17', 1, '2026-05-29 16:31:17', NULL),
(447, 38, 25, 11, '100.00', '3.50', 0, 'Ration item', '2026-05-29 16:31:17', 1, '2026-05-29 16:31:17', NULL),
(448, 38, 24, 4, '100.00', '0.60', 0, 'Ration item', '2026-05-29 16:31:17', 1, '2026-05-29 16:31:17', NULL),
(449, 38, 23, 10, '100.00', '2.80', 0, 'Ration item', '2026-05-29 16:31:17', 1, '2026-05-29 16:31:17', NULL),
(450, 38, 22, 10, '100.00', '25.00', 0, 'Ration item', '2026-05-29 16:31:17', 1, '2026-05-29 16:31:17', NULL),
(451, 38, 21, 10, '100.00', '15.00', 0, 'Ration item', '2026-05-29 16:31:17', 1, '2026-05-29 16:31:17', NULL),
(452, 38, 20, 10, '100.00', '3.00', 0, 'Ration item', '2026-05-29 16:31:17', 1, '2026-05-29 16:31:17', NULL),
(453, 38, 19, 10, '100.00', '6.00', 0, 'Ration item', '2026-05-29 16:31:17', 1, '2026-05-29 16:31:17', NULL),
(454, 38, 18, 10, '100.00', '4.00', 0, 'Ration item', '2026-05-29 16:31:17', 1, '2026-05-29 16:31:17', NULL),
(455, 38, 17, 10, '100.00', '2.80', 0, 'Ration item', '2026-05-29 16:31:17', 1, '2026-05-29 16:31:17', NULL),
(456, 38, 16, 10, '100.00', '3.50', 0, 'Ration item', '2026-05-29 16:31:17', 1, '2026-05-29 16:31:17', NULL),
(457, 38, 15, 10, '100.00', '12.50', 0, 'Ration item', '2026-05-29 16:31:17', 1, '2026-05-29 16:31:17', NULL),
(458, 38, 14, 10, '100.00', '18.00', 0, 'Ration item', '2026-05-29 16:31:17', 1, '2026-05-29 16:31:17', NULL),
(459, 38, 13, 10, '100.00', '8.50', 0, 'Ration item', '2026-05-29 16:31:17', 1, '2026-05-29 16:31:17', NULL),
(460, 39, 30, 10, '100.00', '12.00', 0, 'Ration item', '2026-05-29 16:31:17', 1, '2026-05-29 16:31:17', NULL);
INSERT INTO `contract_items` (`id`, `contract_id`, `item_id`, `uom_id`, `estimated_quantity`, `unit_price`, `is_internally_supplied`, `notes`, `created_at`, `created_by`, `updated_at`, `updated_by`) VALUES
(461, 39, 29, 10, '100.00', '1.20', 0, 'Ration item', '2026-05-29 16:31:17', 1, '2026-05-29 16:31:17', NULL),
(462, 39, 28, 10, '100.00', '5.50', 0, 'Ration item', '2026-05-29 16:31:17', 1, '2026-05-29 16:31:17', NULL),
(463, 39, 27, 11, '100.00', '4.50', 0, 'Ration item', '2026-05-29 16:31:17', 1, '2026-05-29 16:31:17', NULL),
(464, 39, 26, 10, '100.00', '2.50', 0, 'Ration item', '2026-05-29 16:31:17', 1, '2026-05-29 16:31:17', NULL),
(465, 39, 25, 11, '100.00', '3.50', 0, 'Ration item', '2026-05-29 16:31:17', 1, '2026-05-29 16:31:17', NULL),
(466, 39, 24, 4, '100.00', '0.60', 0, 'Ration item', '2026-05-29 16:31:17', 1, '2026-05-29 16:31:17', NULL),
(467, 39, 23, 10, '100.00', '2.80', 0, 'Ration item', '2026-05-29 16:31:17', 1, '2026-05-29 16:31:17', NULL),
(468, 39, 22, 10, '100.00', '25.00', 0, 'Ration item', '2026-05-29 16:31:17', 1, '2026-05-29 16:31:17', NULL),
(469, 39, 21, 10, '100.00', '15.00', 0, 'Ration item', '2026-05-29 16:31:17', 1, '2026-05-29 16:31:17', NULL),
(470, 39, 20, 10, '100.00', '3.00', 0, 'Ration item', '2026-05-29 16:31:17', 1, '2026-05-29 16:31:17', NULL),
(471, 39, 19, 10, '100.00', '6.00', 0, 'Ration item', '2026-05-29 16:31:17', 1, '2026-05-29 16:31:17', NULL),
(472, 39, 18, 10, '100.00', '4.00', 0, 'Ration item', '2026-05-29 16:31:17', 1, '2026-05-29 16:31:17', NULL),
(473, 39, 17, 10, '100.00', '2.80', 0, 'Ration item', '2026-05-29 16:31:17', 1, '2026-05-29 16:31:17', NULL),
(474, 39, 16, 10, '100.00', '3.50', 0, 'Ration item', '2026-05-29 16:31:17', 1, '2026-05-29 16:31:17', NULL),
(475, 39, 15, 10, '100.00', '12.50', 0, 'Ration item', '2026-05-29 16:31:17', 1, '2026-05-29 16:31:17', NULL),
(476, 39, 14, 10, '100.00', '18.00', 0, 'Ration item', '2026-05-29 16:31:17', 1, '2026-05-29 16:31:17', NULL),
(477, 39, 13, 10, '100.00', '8.50', 0, 'Ration item', '2026-05-29 16:31:17', 1, '2026-05-29 16:31:17', NULL),
(478, 40, 30, 10, '100.00', '12.00', 0, 'Ration item', '2026-05-29 16:31:17', 1, '2026-05-29 16:31:17', NULL),
(479, 40, 29, 10, '100.00', '1.20', 0, 'Ration item', '2026-05-29 16:31:17', 1, '2026-05-29 16:31:17', NULL),
(480, 40, 28, 10, '100.00', '5.50', 0, 'Ration item', '2026-05-29 16:31:17', 1, '2026-05-29 16:31:17', NULL),
(481, 40, 27, 11, '100.00', '4.50', 0, 'Ration item', '2026-05-29 16:31:17', 1, '2026-05-29 16:31:17', NULL),
(482, 40, 26, 10, '100.00', '2.50', 0, 'Ration item', '2026-05-29 16:31:17', 1, '2026-05-29 16:31:17', NULL),
(483, 40, 25, 11, '100.00', '3.50', 0, 'Ration item', '2026-05-29 16:31:17', 1, '2026-05-29 16:31:17', NULL),
(484, 40, 24, 4, '100.00', '0.60', 0, 'Ration item', '2026-05-29 16:31:17', 1, '2026-05-29 16:31:17', NULL),
(485, 40, 23, 10, '100.00', '2.80', 0, 'Ration item', '2026-05-29 16:31:17', 1, '2026-05-29 16:31:17', NULL),
(486, 40, 22, 10, '100.00', '25.00', 0, 'Ration item', '2026-05-29 16:31:17', 1, '2026-05-29 16:31:17', NULL),
(487, 40, 21, 10, '100.00', '15.00', 0, 'Ration item', '2026-05-29 16:31:17', 1, '2026-05-29 16:31:17', NULL),
(488, 40, 20, 10, '100.00', '3.00', 0, 'Ration item', '2026-05-29 16:31:17', 1, '2026-05-29 16:31:17', NULL),
(489, 40, 19, 10, '100.00', '6.00', 0, 'Ration item', '2026-05-29 16:31:17', 1, '2026-05-29 16:31:17', NULL),
(490, 40, 18, 10, '100.00', '4.00', 0, 'Ration item', '2026-05-29 16:31:17', 1, '2026-05-29 16:31:17', NULL),
(491, 40, 17, 10, '100.00', '2.80', 0, 'Ration item', '2026-05-29 16:31:17', 1, '2026-05-29 16:31:17', NULL),
(492, 40, 16, 10, '100.00', '3.50', 0, 'Ration item', '2026-05-29 16:31:17', 1, '2026-05-29 16:31:17', NULL),
(493, 40, 15, 10, '100.00', '12.50', 0, 'Ration item', '2026-05-29 16:31:17', 1, '2026-05-29 16:31:17', NULL),
(494, 40, 14, 10, '100.00', '18.00', 0, 'Ration item', '2026-05-29 16:31:17', 1, '2026-05-29 16:31:17', NULL),
(495, 40, 13, 10, '100.00', '8.50', 0, 'Ration item', '2026-05-29 16:31:17', 1, '2026-05-29 16:31:17', NULL);

-- --------------------------------------------------------

--
-- Table structure for table `deliveries`
--

CREATE TABLE `deliveries` (
  `id` int NOT NULL,
  `order_id` int NOT NULL,
  `delivery_date` date DEFAULT NULL,
  `delivery_time` time DEFAULT NULL,
  `delivery_session` varchar(100) DEFAULT NULL,
  `received_by` int DEFAULT NULL,
  `witness_id` int DEFAULT NULL,
  `witness_date` date DEFAULT NULL,
  `receiver_date` date DEFAULT NULL,
  `muster_khas_daging` int DEFAULT '0',
  `muster_ditolak_parol` int DEFAULT '0',
  `parol` int DEFAULT '0',
  `muster_penuh` int DEFAULT '0',
  `special_exclusion` int NOT NULL DEFAULT '0',
  `supplier_declaration_date` date DEFAULT NULL,
  `supplier_rep_name` varchar(255) DEFAULT NULL,
  `status` varchar(100) DEFAULT NULL,
  `remarks` text,
  `created_at` datetime DEFAULT CURRENT_TIMESTAMP,
  `created_by` int DEFAULT NULL,
  `updated_at` datetime DEFAULT CURRENT_TIMESTAMP ON UPDATE CURRENT_TIMESTAMP,
  `updated_by` int DEFAULT NULL
) ENGINE=InnoDB DEFAULT CHARSET=utf8mb4 COLLATE=utf8mb4_0900_ai_ci;

--
-- Dumping data for table `deliveries`
--

INSERT INTO `deliveries` (`id`, `order_id`, `delivery_date`, `delivery_time`, `delivery_session`, `received_by`, `witness_id`, `witness_date`, `receiver_date`, `muster_khas_daging`, `muster_ditolak_parol`, `parol`, `muster_penuh`, `special_exclusion`, `supplier_declaration_date`, `supplier_rep_name`, `status`, `remarks`, `created_at`, `created_by`, `updated_at`, `updated_by`) VALUES
(2, 12, '2026-05-25', '04:16:00', 'dfgh', NULL, NULL, NULL, NULL, 0, 0, 0, 0, 0, '2026-05-25', 'wert', 'Pending', 'zxc', '2026-05-25 00:00:00', 4, '2026-05-25 00:00:00', 4),
(3, 13, '2026-05-27', '16:33:00', '2341234', NULL, NULL, NULL, NULL, 0, 0, 0, 0, 0, '2026-05-27', '23412', 'Pending', 'asfas', '2026-05-27 16:34:15', 4, '2026-05-27 16:34:15', 4),
(6, 16, '2026-05-27', '17:26:00', '2341234', 6, NULL, NULL, '2026-05-29', 0, 0, 0, 0, 0, '2026-05-27', 'Tuan Lee Wei Ming', 'Completed', 'sdfasf', '2026-05-27 17:27:09', 4, '2026-05-29 00:00:00', 6),
(7, 17, '2026-05-29', '04:58:00', '2341234', NULL, NULL, NULL, NULL, 0, 0, 0, 0, 0, '2026-05-29', 'Encik Tan Ah Lek', 'Pending', 'sdfsafs', '2026-05-29 04:59:23', 4, '2026-05-29 04:59:23', 4),
(8, 18, '2026-05-29', '05:21:00', 'test', 6, NULL, NULL, '2026-05-29', 0, 0, 0, 0, 0, '2026-05-29', 'Encik Tan Ah Lek', 'Completed', 'rerw', '2026-05-29 05:22:37', 4, '2026-05-29 00:00:00', 6);

-- --------------------------------------------------------

--
-- Table structure for table `districts`
--

CREATE TABLE `districts` (
  `id` int NOT NULL,
  `state_id` int NOT NULL,
  `name` varchar(255) NOT NULL
) ENGINE=InnoDB DEFAULT CHARSET=utf8mb4 COLLATE=utf8mb4_0900_ai_ci;

--
-- Dumping data for table `districts`
--

INSERT INTO `districts` (`id`, `state_id`, `name`) VALUES
(1, 4, 'Kuala Lumpur'),
(2, 14, 'Petaling Jaya'),
(3, 14, 'Subang Jaya'),
(4, 1, 'Johor Bahru'),
(5, 1, 'Kluang');

-- --------------------------------------------------------

--
-- Table structure for table `institutions`
--

CREATE TABLE `institutions` (
  `id` int NOT NULL,
  `district_id` int DEFAULT NULL,
  `state_id` int DEFAULT NULL,
  `name` varchar(255) NOT NULL,
  `code` varchar(20) DEFAULT NULL,
  `location_code` varchar(20) DEFAULT NULL,
  `address` text,
  `postcode` varchar(20) DEFAULT NULL,
  `type` varchar(100) DEFAULT NULL,
  `capacity` int DEFAULT NULL,
  `status` tinyint(1) DEFAULT '1',
  `created_at` datetime DEFAULT CURRENT_TIMESTAMP,
  `created_by` int DEFAULT NULL,
  `updated_at` datetime DEFAULT CURRENT_TIMESTAMP ON UPDATE CURRENT_TIMESTAMP,
  `updated_by` int DEFAULT NULL
) ENGINE=InnoDB DEFAULT CHARSET=utf8mb4 COLLATE=utf8mb4_0900_ai_ci;

--
-- Dumping data for table `institutions`
--

INSERT INTO `institutions` (`id`, `district_id`, `state_id`, `name`, `code`, `location_code`, `address`, `postcode`, `type`, `capacity`, `status`, `created_at`, `created_by`, `updated_at`, `updated_by`) VALUES
(1, 1, 4, 'Kementerian Pendidikan Malaysia - Ibu Pejabat', 'KPM', 'KP', 'Jln Duta, Bukit Duta', '50604', NULL, NULL, 1, '2026-01-01 00:00:00', 1, '2026-05-29 05:56:55', 1),
(2, 2, 14, 'Sekolah Kebangsaan Petaling Jaya', 'SKPJ', 'PJ', 'Jln Raja Muda Abdul Aziz, Petaling Jaya', '46050', NULL, NULL, 1, '2026-01-01 00:00:00', 1, '2026-05-29 05:56:55', 1),
(3, 3, 14, 'Sekolah Menengah Kebangsaan Subang Jaya', 'SMSJ', 'SJ', 'Jln USJ 2/1, Subang Jaya', '47630', NULL, NULL, 1, '2026-01-01 00:00:00', 1, '2026-05-29 05:56:55', 1),
(4, 4, 1, 'Sekolah Kebangsaan Johor Bahru', 'SKJB', 'JB', 'Jln Tun Abdul Razak, Johor Bahru', '80000', NULL, NULL, 1, '2026-01-01 00:00:00', 1, '2026-05-29 05:56:55', 1),
(5, 5, 1, 'Sekolah Menengah Kebangsaan Kluang', 'SMKK', 'KLU', 'Jln Dato Onn, Kluang', '82000', NULL, NULL, 1, '2026-01-01 00:00:00', 1, '2026-05-29 05:56:55', 1),
(9, NULL, NULL, 'Penjara Sungai Petani, Kedah', 'PSP', 'SP', NULL, NULL, 'Penjara', 350, 1, NULL, NULL, '2026-05-29 05:56:55', NULL),
(10, NULL, NULL, 'Pusat Koreksional Perlis', 'PKP', 'PLS', NULL, NULL, 'Pusat Koreksional', 200, 1, NULL, NULL, '2026-05-29 05:56:55', NULL),
(11, NULL, NULL, 'Penjara Pokok Sena, Kedah', 'PPK', 'PK', NULL, NULL, 'Penjara', 250, 1, NULL, NULL, '2026-05-29 05:56:55', NULL),
(12, NULL, NULL, 'Penjara Alor Setar, Kedah', 'PAS', 'AS', NULL, NULL, 'Penjara', 300, 1, NULL, NULL, '2026-05-29 05:56:55', NULL),
(13, NULL, NULL, 'Penjara Seberang Perai, Pulau Pinang', 'PSP', 'SP', NULL, NULL, 'Penjara', 400, 1, NULL, NULL, '2026-05-29 05:56:55', NULL),
(14, NULL, NULL, 'Penjara Reman Pulau Pinang', 'PRP', 'PP', NULL, NULL, 'Penjara Reman', 180, 1, NULL, NULL, '2026-05-29 05:56:55', NULL),
(15, NULL, NULL, 'Pusat Koreksional Kamunting, Perak', 'PKK', 'KAM', NULL, NULL, 'Pusat Koreksional', 320, 1, NULL, NULL, '2026-05-29 05:56:55', NULL),
(16, NULL, NULL, 'Penjara Taiping, Perak', 'PTP', 'TP', NULL, NULL, 'Penjara', 500, 1, NULL, NULL, '2026-05-29 05:56:55', NULL),
(17, NULL, NULL, 'Penjara Tapah, Perak', 'PTA', 'TPH', NULL, NULL, 'Penjara', 220, 1, NULL, NULL, '2026-05-29 05:56:55', NULL),
(18, NULL, NULL, 'Pusat Koreksional Batu Gajah, Perak', 'PKBG', 'BG', NULL, NULL, 'Pusat Koreksional', 280, 1, NULL, NULL, '2026-05-29 05:56:55', NULL),
(19, NULL, NULL, 'Penjara Wanita Kajang, Selangor', 'PWK', 'KJG', NULL, NULL, 'Penjara', 200, 1, NULL, NULL, '2026-05-29 05:56:55', NULL),
(20, NULL, NULL, 'Penjara Kajang, Selangor', 'PKJ', 'KJG', NULL, NULL, 'Penjara', 450, 1, NULL, NULL, '2026-05-29 05:56:55', NULL),
(21, NULL, NULL, 'Pusat Koreksional Puncak Alam, Selangor', 'PKPA', 'PA', NULL, NULL, 'Pusat Koreksional', 350, 1, NULL, NULL, '2026-05-29 05:56:55', NULL),
(22, NULL, NULL, 'Penjara Sungai Buloh, Selangor', 'PSB', 'SB', NULL, NULL, 'Penjara', 600, 1, NULL, NULL, '2026-05-29 05:56:55', NULL),
(23, NULL, NULL, 'Institusi Pemulihan Dadah Jelebu, Negeri Sembilan', 'IPDJ', 'JLB', NULL, NULL, 'Pusat Pemulihan', 150, 1, NULL, NULL, '2026-05-29 05:56:55', NULL),
(24, NULL, NULL, 'Penjara Seremban, Negeri Sembilan', 'PSR', 'SR', NULL, NULL, 'Penjara', 380, 1, NULL, NULL, '2026-05-29 05:56:55', NULL),
(25, NULL, NULL, 'Penjara Dusun Dato Murad, Melaka', 'PDDM', 'DM', NULL, NULL, 'Penjara', 280, 1, NULL, NULL, '2026-05-29 05:56:55', NULL),
(26, NULL, NULL, 'Sekolah Henry Gurney Telek Mas, Melaka', 'SHGTM', 'TM', NULL, NULL, 'Sekolah Henry Gurney', 120, 1, NULL, NULL, '2026-05-29 05:56:55', NULL),
(27, NULL, NULL, 'Pusat Koreksional Jasin, Melaka', 'PKJ', 'JSN', NULL, NULL, 'Pusat Koreksional', 180, 1, NULL, NULL, '2026-05-29 05:56:55', NULL),
(28, NULL, NULL, 'Penjara Sungai Udang, Melaka', 'PSU', 'SU', NULL, NULL, 'Penjara', 320, 1, NULL, NULL, '2026-05-29 05:56:55', NULL),
(29, NULL, NULL, 'Penjara Simpang Renggam, Johor', 'PSRG', 'SRG', NULL, NULL, 'Penjara', 450, 1, NULL, NULL, '2026-05-29 05:56:55', NULL),
(30, NULL, NULL, 'Pusat Koreksional Muar, Johor', 'PKM', 'MUAR', NULL, NULL, 'Pusat Koreksional', 220, 1, NULL, NULL, '2026-05-29 05:56:55', NULL),
(31, NULL, NULL, 'Pusat Koreksional Johor Bahru, Johor', 'PKJB', 'JB', NULL, NULL, 'Pusat Koreksional', 250, 1, NULL, NULL, '2026-05-29 05:56:55', NULL),
(32, NULL, NULL, 'Penjara Kluang, Johor', 'PKLU', 'KLU', NULL, NULL, 'Penjara', 300, 1, NULL, NULL, '2026-05-29 05:56:55', NULL),
(33, NULL, NULL, 'Penjara Bentong, Pahang', 'PBT', 'BTG', NULL, NULL, 'Penjara', 200, 1, NULL, NULL, '2026-05-29 05:56:55', NULL),
(34, NULL, NULL, 'Penjara Penor, Pahang', 'PPN', 'PNR', NULL, NULL, 'Penjara', 280, 1, NULL, NULL, '2026-05-29 05:56:55', NULL),
(35, NULL, NULL, 'Pusat Pemulihan Akhlak Machang, Kelantan', 'PPAM', 'MCH', NULL, NULL, 'Pusat Pemulihan', 120, 1, NULL, NULL, '2026-05-29 05:56:55', NULL);

-- --------------------------------------------------------

--
-- Table structure for table `items`
--

CREATE TABLE `items` (
  `id` int NOT NULL,
  `category_id` int DEFAULT NULL,
  `subcategories_id` int DEFAULT NULL,
  `ceiling_limit_id` int DEFAULT NULL,
  `uom_id` int DEFAULT NULL,
  `name` varchar(255) NOT NULL,
  `price_per_unit` decimal(15,2) DEFAULT NULL,
  `current_quantity` decimal(15,2) DEFAULT '0.00',
  `status` int DEFAULT '1',
  `created_at` datetime DEFAULT CURRENT_TIMESTAMP,
  `created_by` int DEFAULT NULL,
  `updated_at` datetime DEFAULT CURRENT_TIMESTAMP ON UPDATE CURRENT_TIMESTAMP,
  `updated_by` int DEFAULT NULL
) ENGINE=InnoDB DEFAULT CHARSET=utf8mb4 COLLATE=utf8mb4_0900_ai_ci;

--
-- Dumping data for table `items`
--

INSERT INTO `items` (`id`, `category_id`, `subcategories_id`, `ceiling_limit_id`, `uom_id`, `name`, `price_per_unit`, `current_quantity`, `status`, `created_at`, `created_by`, `updated_at`, `updated_by`) VALUES
(1, 1, 1, 1, 1, 'Buku Nota A4 80 Halaman', '5.50', '222.00', 1, '2026-01-01 00:00:00', 1, '2026-05-29 05:24:16', 1),
(2, 1, 1, 1, 2, 'Kertas HVS A4 500 Helai', '22.00', '150.00', 1, '2026-01-01 00:00:00', 1, '2026-05-24 02:31:03', 1),
(3, 1, 2, 1, 3, 'Pen Biru 0.7mm (1 kotak isi 12)', '8.50', '100.00', 1, '2026-01-01 00:00:00', 1, '2026-05-24 02:31:03', 1),
(4, 2, 3, 2, 4, 'Bola Sepak Saiz 5', '85.00', '15.00', 1, '2026-01-01 00:00:00', 1, '2026-05-24 02:31:03', 1),
(5, 2, 4, 2, 5, 'Raket Badminton Karbon', '45.00', '30.00', 1, '2026-01-01 00:00:00', 1, '2026-05-24 02:31:03', 1),
(6, 3, 5, 2, 6, 'Komputer Riba Core i5 8GB RAM', '4500.00', '5.00', 1, '2026-01-01 00:00:00', 1, '2026-05-24 02:31:03', 1),
(7, 3, 6, 3, 7, 'Toner Printer LaserJet P1102', '120.00', '25.00', 1, '2026-01-01 00:00:00', 1, '2026-05-24 02:31:03', 1),
(8, 4, 7, 4, 8, 'Cecair Pembersih Lantai 5L', '12.00', '50.00', 1, '2026-01-01 00:00:00', 1, '2026-05-24 02:31:03', 1),
(9, 5, 8, 5, 9, 'Set Kuali Memasak Kafeteria', '150.00', '10.00', 1, '2026-01-01 00:00:00', 1, '2026-05-24 02:31:03', 1),
(11, NULL, NULL, NULL, 8, '8', '12.00', '0.98', 1, '2026-05-25 00:00:00', 4, '2026-05-25 00:00:00', 4),
(12, NULL, NULL, NULL, 9, '9', '150.00', '1.00', 1, '2026-05-27 16:34:15', 4, '2026-05-27 16:34:15', 4),
(13, 1, 1, 1, 10, 'Ikan Basah (Fresh Fish)', '8.50', '0.00', 1, '2026-05-29 16:31:17', 1, '2026-05-29 16:31:17', 1),
(14, 1, 1, 1, 10, 'Daging Lembu (Beef)', '18.00', '0.00', 1, '2026-05-29 16:31:17', 1, '2026-05-29 16:31:17', 1),
(15, 1, 1, 1, 10, 'Daging Ayam (Chicken)', '12.50', '0.00', 1, '2026-05-29 16:31:17', 1, '2026-05-29 16:31:17', 1),
(16, 1, 1, 1, 10, 'Sayur Daun (Leafy Vegetables)', '3.50', '0.00', 1, '2026-05-29 16:31:17', 1, '2026-05-29 16:31:17', 1),
(17, 1, 1, 1, 10, 'Kobis (Cabbage)', '2.80', '0.00', 1, '2026-05-29 16:31:17', 1, '2026-05-29 16:31:17', 1),
(18, 1, 1, 1, 10, 'Bawang Merah (Onion)', '4.00', '0.00', 1, '2026-05-29 16:31:17', 1, '2026-05-29 16:31:17', 1),
(19, 1, 1, 1, 10, 'Bawang Putih (Garlic)', '6.00', '0.00', 1, '2026-05-29 16:31:17', 1, '2026-05-29 16:31:17', 1),
(20, 1, 1, 1, 10, 'Kentang (Potato)', '3.00', '0.00', 1, '2026-05-29 16:31:17', 1, '2026-05-29 16:31:17', 1),
(21, 1, 1, 1, 10, 'Beras (Rice) 5kg', '15.00', '0.00', 1, '2026-05-29 16:31:17', 1, '2026-05-29 16:31:17', 1),
(22, 1, 1, 1, 10, 'Minyak Masak (Cooking Oil) 5kg', '25.00', '0.00', 1, '2026-05-29 16:31:17', 1, '2026-05-29 16:31:17', 1),
(23, 1, 1, 1, 10, 'Gula (Sugar) 1kg', '2.80', '0.00', 1, '2026-05-29 16:31:17', 1, '2026-05-29 16:31:17', 1),
(24, 1, 1, 1, 4, 'Telur (Eggs) per biji', '0.60', '0.00', 1, '2026-05-29 16:31:17', 1, '2026-05-29 16:31:17', 1),
(25, 1, 1, 1, 11, 'Sardin Tin (Sardines)', '3.50', '0.00', 1, '2026-05-29 16:31:17', 1, '2026-05-29 16:31:17', 1),
(26, 1, 1, 1, 10, 'Tepung Gandum (Wheat Flour) 1kg', '2.50', '0.00', 1, '2026-05-29 16:31:17', 1, '2026-05-29 16:31:17', 1),
(27, 1, 1, 1, 11, 'Susu Pekat Manis (Condensed Milk)', '4.50', '0.00', 1, '2026-05-29 16:31:17', 1, '2026-05-29 16:31:17', 1),
(28, 1, 1, 1, 10, 'Kacang Merah (Red Beans) 1kg', '5.50', '0.00', 1, '2026-05-29 16:31:17', 1, '2026-05-29 16:31:17', 1),
(29, 1, 1, 1, 10, 'Garam (Salt) 1kg', '1.20', '0.00', 1, '2026-05-29 16:31:17', 1, '2026-05-29 16:31:17', 1),
(30, 1, 1, 1, 10, 'Cili Kering (Dried Chilli) 1kg', '12.00', '0.00', 1, '2026-05-29 16:31:17', 1, '2026-05-29 16:31:17', 1);

-- --------------------------------------------------------

--
-- Table structure for table `migrations`
--

CREATE TABLE `migrations` (
  `id` int UNSIGNED NOT NULL,
  `migration` varchar(255) CHARACTER SET utf8mb4 COLLATE utf8mb4_unicode_ci NOT NULL,
  `batch` int NOT NULL
) ENGINE=InnoDB DEFAULT CHARSET=utf8mb4 COLLATE=utf8mb4_unicode_ci;

--
-- Dumping data for table `migrations`
--

INSERT INTO `migrations` (`id`, `migration`, `batch`) VALUES
(1, '2026_05_25_000001_make_institutions_district_state_nullable', 1),
(2, '2026_05_25_000002_make_suppliers_district_state_nullable', 2),
(3, '2026_05_25_000003_fix_items_order_items_nullable', 3),
(4, '2026_05_25_000004_make_approvals_approved_by_nullable', 4),
(5, '2026_05_25_000005_make_users_position_id_nullable', 5),
(6, '2026_05_25_172343_fix_deliveries_muster_columns', 6),
(7, '2026_05_27_144419_update_roles_positions', 7),
(8, '2026_05_29_000002_create_order_sequences_and_seed', 8),
(9, '2026_06_02_095007_update_positions_and_roles', 9),
(10, '2026_06_04_153135_create_borang_inden_drafts_table', 10);

-- --------------------------------------------------------

--
-- Table structure for table `orders`
--

CREATE TABLE `orders` (
  `id` int NOT NULL,
  `order_no` varchar(100) NOT NULL,
  `institution_id` int NOT NULL,
  `supplier_id` int NOT NULL,
  `contract_id` int NOT NULL,
  `order_date` date DEFAULT NULL,
  `total_amount` decimal(15,2) DEFAULT NULL,
  `status` varchar(100) DEFAULT NULL,
  `remarks` text,
  `created_at` datetime DEFAULT CURRENT_TIMESTAMP,
  `created_by` int DEFAULT NULL,
  `updated_at` datetime DEFAULT CURRENT_TIMESTAMP ON UPDATE CURRENT_TIMESTAMP,
  `updated_by` int DEFAULT NULL
) ENGINE=InnoDB DEFAULT CHARSET=utf8mb4 COLLATE=utf8mb4_0900_ai_ci;

--
-- Dumping data for table `orders`
--

INSERT INTO `orders` (`id`, `order_no`, `institution_id`, `supplier_id`, `contract_id`, `order_date`, `total_amount`, `status`, `remarks`, `created_at`, `created_by`, `updated_at`, `updated_by`) VALUES
(1, 'PESAN/2026/001', 2, 2, 1, '2026-02-15', '8250.00', 'Completed', 'Pesanan telah diterima dengan sempurna', '2026-02-15 09:30:00', 2, '2026-02-20 00:00:00', 2),
(2, 'PESAN/2026/002', 2, 2, 1, '2026-03-10', '5500.00', 'Completed', 'Pesanan selesai dihantar', '2026-03-10 16:20:00', 2, '2026-03-15 00:00:00', 2),
(3, 'PESAN/2026/003', 2, 3, 2, '2026-04-05', '12750.00', 'Pending', 'Menunggu kelulusan daripada pihak atasan', '2026-04-05 08:00:00', 2, '2026-04-05 08:00:00', 2),
(4, 'PESAN/2026/004', 2, 3, 2, '2026-04-20', '9000.00', 'In Progress', 'Pesanan diproses untuk penghantaran', '2026-04-20 14:10:00', 2, '2026-05-22 18:25:19', 2),
(5, 'PESAN/2026/005', 3, 3, 3, '2026-02-28', '6000.00', 'Completed', 'Penghantaran pantas', '2026-02-28 10:00:00', 4, '2026-03-05 00:00:00', 4),
(6, 'PESAN/2026/006', 3, 3, 3, '2026-03-25', '12000.00', 'Completed', 'Barang diterima lengkap', '2026-03-25 11:30:00', 4, '2026-03-30 00:00:00', 4),
(7, 'PESAN/2026/007', 4, 4, 4, '2026-01-30', '24000.00', 'Completed', 'Selesai disemak', '2026-01-30 09:00:00', 5, '2026-02-05 00:00:00', 5),
(8, 'PESAN/2026/008', 4, 4, 4, '2026-04-15', '12000.00', 'Pending', 'Kekurangan bajet', '2026-04-15 15:45:00', 5, '2026-04-15 15:45:00', 5),
(9, 'PESAN/2026/009', 5, 5, 5, '2026-03-01', '15000.00', 'Completed', 'Urusan selesai', '2026-03-01 10:00:00', 6, '2026-03-06 00:00:00', 6),
(10, 'PESAN/2026/010', 5, 5, 5, '2026-04-12', '3000.00', 'In Progress', 'Sila hantar sebelum hujung bulan', '2026-04-12 11:20:00', 6, '2026-05-22 18:23:28', 2),
(12, 'wqedfrger', 4, 5, 7, '2026-05-25', '11.76', 'Pending', 'zxc', '2026-05-25 00:00:00', 4, '2026-05-25 00:00:00', 4),
(13, 'No.123', 29, 4, 8, '2026-05-27', '150.00', 'Pending', 'asfas', '2026-05-27 16:34:15', 4, '2026-05-27 16:34:15', 4),
(16, 'No.234', 13, 3, 11, '2026-05-27', '55.00', 'Completed', 'Diterima pada 2026-05-29 oleh Muthu Alagappan | Ruj: sdfadssd | Catatan: safsa', '2026-05-27 17:27:09', 4, '2026-05-29 00:00:00', 6),
(17, 'TEST WITH MDM', 22, 4, 12, '2026-05-29', '144.00', 'Completed', 'Diterima pada 2026-05-29 oleh Muthu Alagappan | Ruj: dsfas', '2026-05-29 04:59:23', 4, '2026-05-29 00:00:00', 6),
(18, 'testing2', 17, 4, 13, '2026-05-29', '66.00', 'Completed', 'Diterima pada 2026-05-29 oleh Muthu Alagappan | Ruj: test', '2026-05-29 05:22:37', 4, '2026-05-29 00:00:00', 6);

-- --------------------------------------------------------

--
-- Table structure for table `order_items`
--

CREATE TABLE `order_items` (
  `id` int NOT NULL,
  `order_id` int NOT NULL,
  `contract_item_id` int DEFAULT NULL,
  `item_id` int NOT NULL,
  `status` varchar(50) DEFAULT NULL,
  `ordered_quantity` decimal(15,2) DEFAULT NULL,
  `unit_price` decimal(15,2) DEFAULT NULL,
  `ordered_total_price` decimal(15,2) DEFAULT NULL,
  `received_quantity` decimal(15,2) DEFAULT NULL,
  `received_total_price` decimal(15,2) DEFAULT NULL,
  `remarks` text,
  `created_at` datetime DEFAULT CURRENT_TIMESTAMP,
  `created_by` int DEFAULT NULL,
  `updated_at` datetime DEFAULT CURRENT_TIMESTAMP ON UPDATE CURRENT_TIMESTAMP,
  `updated_by` int DEFAULT NULL
) ENGINE=InnoDB DEFAULT CHARSET=utf8mb4 COLLATE=utf8mb4_0900_ai_ci;

--
-- Dumping data for table `order_items`
--

INSERT INTO `order_items` (`id`, `order_id`, `contract_item_id`, `item_id`, `status`, `ordered_quantity`, `unit_price`, `ordered_total_price`, `received_quantity`, `received_total_price`, `remarks`, `created_at`, `created_by`, `updated_at`, `updated_by`) VALUES
(2, 12, NULL, 11, 'Pending', '0.98', '12.00', '11.76', '0.00', '0.00', NULL, '2026-05-25 00:00:00', 4, '2026-05-25 00:00:00', 4),
(3, 13, NULL, 12, 'Pending', '1.00', '150.00', '150.00', '0.00', '0.00', NULL, '2026-05-27 16:34:15', 4, '2026-05-27 16:34:15', 4),
(4, 16, NULL, 1, 'Pending', '10.00', '5.50', '55.00', '10.00', '55.00', 'diterima | [SALAH] Gantian: 1 (Buku) x12', '2026-05-27 17:27:09', 4, '2026-05-29 00:00:00', 6),
(5, 17, NULL, 8, 'Pending', '12.00', '12.00', '144.00', '11.99', '143.88', '[SALAH]', '2026-05-29 04:59:23', 4, '2026-05-29 00:00:00', 6),
(6, 18, NULL, 1, 'Pending', '12.00', '5.50', '66.00', '12.00', '66.00', NULL, '2026-05-29 05:22:37', 4, '2026-05-29 00:00:00', 6);

-- --------------------------------------------------------

--
-- Table structure for table `order_item_replace`
--

CREATE TABLE `order_item_replace` (
  `id` int NOT NULL,
  `order_id` int NOT NULL,
  `replace_item_id` int NOT NULL
) ENGINE=InnoDB DEFAULT CHARSET=utf8mb4 COLLATE=utf8mb4_0900_ai_ci;

-- --------------------------------------------------------

--
-- Table structure for table `order_sequences`
--

CREATE TABLE `order_sequences` (
  `id` bigint UNSIGNED NOT NULL,
  `institution_code` varchar(20) COLLATE utf8mb4_unicode_ci NOT NULL,
  `category_code` varchar(10) COLLATE utf8mb4_unicode_ci NOT NULL,
  `year` int NOT NULL,
  `month` int NOT NULL,
  `sequence_no` int NOT NULL DEFAULT '0',
  `created_at` datetime NOT NULL DEFAULT CURRENT_TIMESTAMP,
  `updated_at` datetime NOT NULL DEFAULT CURRENT_TIMESTAMP ON UPDATE CURRENT_TIMESTAMP
) ENGINE=InnoDB DEFAULT CHARSET=utf8mb4 COLLATE=utf8mb4_unicode_ci;

-- --------------------------------------------------------

--
-- Table structure for table `performance_evaluations`
--

CREATE TABLE `performance_evaluations` (
  `id` int NOT NULL,
  `contract_id` int NOT NULL,
  `institution_id` int NOT NULL,
  `evaluator_id` int NOT NULL,
  `evaluation_date` date DEFAULT NULL,
  `period` varchar(100) DEFAULT NULL,
  `quality_score` int DEFAULT NULL,
  `delivery_time_score` int DEFAULT NULL,
  `price_score` int DEFAULT NULL,
  `quantity_score` int DEFAULT NULL,
  `cooperation_score` int DEFAULT NULL,
  `total_score` int DEFAULT NULL,
  `percentage` decimal(5,2) DEFAULT NULL,
  `rating` varchar(50) DEFAULT NULL,
  `remarks` text,
  `created_at` datetime DEFAULT CURRENT_TIMESTAMP,
  `created_by` int DEFAULT NULL,
  `updated_at` datetime DEFAULT CURRENT_TIMESTAMP ON UPDATE CURRENT_TIMESTAMP,
  `updated_by` int DEFAULT NULL
) ENGINE=InnoDB DEFAULT CHARSET=utf8mb4 COLLATE=utf8mb4_0900_ai_ci;

-- --------------------------------------------------------

--
-- Table structure for table `positions`
--

CREATE TABLE `positions` (
  `id` int NOT NULL,
  `code` varchar(50) DEFAULT NULL,
  `name` varchar(255) NOT NULL,
  `grade` varchar(50) DEFAULT NULL,
  `created_at` datetime DEFAULT CURRENT_TIMESTAMP,
  `created_by` int DEFAULT NULL,
  `updated_at` datetime DEFAULT CURRENT_TIMESTAMP ON UPDATE CURRENT_TIMESTAMP,
  `updated_by` int DEFAULT NULL
) ENGINE=InnoDB DEFAULT CHARSET=utf8mb4 COLLATE=utf8mb4_0900_ai_ci;

--
-- Dumping data for table `positions`
--

INSERT INTO `positions` (`id`, `code`, `name`, `grade`, `created_at`, `created_by`, `updated_at`, `updated_by`) VALUES
(1, 'ADN', 'Pegawai Penjara Negeri KA19', 'KA19', '2026-05-27 14:45:42', NULL, '2026-06-02 15:52:39', NULL),
(2, 'ADI', 'Pegawai Penjara Institusi KA29', 'KA29', '2026-05-27 14:45:42', NULL, '2026-06-02 15:52:39', NULL),
(3, 'ADHQ', 'Pegawai Penjara Pentadbiran KA41', 'KA41', '2026-05-27 14:45:42', NULL, '2026-06-02 15:52:39', NULL),
(4, 'PP', 'Pegawai Pengesah N19', 'N19', '2026-05-27 14:45:42', NULL, '2026-06-02 15:52:39', NULL),
(5, 'PR', 'Pegawai Penerima N29', 'N29', '2026-05-27 14:45:42', NULL, '2026-06-02 15:52:39', NULL),
(6, 'PS', 'Pegawai Stor N19', 'N19', '2026-05-27 14:45:42', NULL, '2026-06-02 15:52:39', NULL);

-- --------------------------------------------------------

--
-- Table structure for table `replacement_items`
--

CREATE TABLE `replacement_items` (
  `id` int NOT NULL,
  `item_id` int NOT NULL,
  `quantity` decimal(15,2) DEFAULT NULL,
  `unit_price` decimal(15,2) DEFAULT NULL,
  `total_price` decimal(15,2) DEFAULT NULL,
  `remarks` text,
  `created_at` datetime DEFAULT CURRENT_TIMESTAMP,
  `created_by` int DEFAULT NULL,
  `updated_at` datetime DEFAULT CURRENT_TIMESTAMP ON UPDATE CURRENT_TIMESTAMP,
  `updated_by` int DEFAULT NULL
) ENGINE=InnoDB DEFAULT CHARSET=utf8mb4 COLLATE=utf8mb4_0900_ai_ci;

-- --------------------------------------------------------

--
-- Table structure for table `roles`
--

CREATE TABLE `roles` (
  `id` int NOT NULL,
  `role_name` varchar(100) NOT NULL
) ENGINE=InnoDB DEFAULT CHARSET=utf8mb4 COLLATE=utf8mb4_0900_ai_ci;

--
-- Dumping data for table `roles`
--

INSERT INTO `roles` (`id`, `role_name`) VALUES
(1, 'admin hq'),
(3, 'admin institusi'),
(2, 'admin negeri'),
(5, 'pegawai penerima'),
(4, 'pegawai pengesah'),
(6, 'pegawai stor');

-- --------------------------------------------------------

--
-- Table structure for table `states`
--

CREATE TABLE `states` (
  `id` int NOT NULL,
  `name` varchar(255) NOT NULL
) ENGINE=InnoDB DEFAULT CHARSET=utf8mb4 COLLATE=utf8mb4_0900_ai_ci;

--
-- Dumping data for table `states`
--

INSERT INTO `states` (`id`, `name`) VALUES
(1, 'Johor'),
(2, 'Kedah'),
(3, 'Kelantan'),
(4, 'Kuala Lumpur'),
(5, 'Labuan'),
(6, 'Melaka'),
(7, 'Negeri Sembilan'),
(8, 'Pahang'),
(9, 'Perak'),
(10, 'Perlis'),
(11, 'Pulau Pinang'),
(12, 'Sabah'),
(13, 'Sarawak'),
(14, 'Selangor'),
(15, 'Terengganu');

-- --------------------------------------------------------

--
-- Table structure for table `subcategories`
--

CREATE TABLE `subcategories` (
  `id` int NOT NULL,
  `category_id` int NOT NULL,
  `name` varchar(255) NOT NULL,
  `created_at` datetime DEFAULT CURRENT_TIMESTAMP,
  `created_by` int DEFAULT NULL,
  `updated_at` datetime DEFAULT CURRENT_TIMESTAMP ON UPDATE CURRENT_TIMESTAMP,
  `updated_by` int DEFAULT NULL
) ENGINE=InnoDB DEFAULT CHARSET=utf8mb4 COLLATE=utf8mb4_0900_ai_ci;

--
-- Dumping data for table `subcategories`
--

INSERT INTO `subcategories` (`id`, `category_id`, `name`, `created_at`, `created_by`, `updated_at`, `updated_by`) VALUES
(1, 1, 'Buku & Kertas', '2026-01-01 00:00:00', 1, '2026-01-01 00:00:00', 1),
(2, 1, 'Alat Tulis & Pen', '2026-01-01 00:00:00', 1, '2026-01-01 00:00:00', 1),
(3, 2, 'Bola & Jaring', '2026-01-01 00:00:00', 1, '2026-01-01 00:00:00', 1),
(4, 2, 'Raket & Batang', '2026-01-01 00:00:00', 1, '2026-01-01 00:00:00', 1),
(5, 3, 'Komputer & Laptop', '2026-01-01 00:00:00', 1, '2026-01-01 00:00:00', 1),
(6, 3, 'Aksesori & Dakwat', '2026-01-01 00:00:00', 1, '2026-01-01 00:00:00', 1),
(7, 4, 'Cecair Pembersih', '2026-01-01 00:00:00', 1, '2026-01-01 00:00:00', 1),
(8, 5, 'Perkakas Memasak', '2026-01-01 00:00:00', 1, '2026-01-01 00:00:00', 1);

-- --------------------------------------------------------

--
-- Table structure for table `suppliers`
--

CREATE TABLE `suppliers` (
  `id` int NOT NULL,
  `district_id` int DEFAULT NULL,
  `state_id` int DEFAULT NULL,
  `company_name` varchar(255) NOT NULL,
  `contact_person` varchar(255) DEFAULT NULL,
  `email` varchar(255) DEFAULT NULL,
  `phone_number` varchar(50) DEFAULT NULL,
  `address` text,
  `postcode` varchar(20) DEFAULT NULL,
  `status` int DEFAULT '1',
  `created_at` datetime DEFAULT CURRENT_TIMESTAMP,
  `created_by` int DEFAULT NULL,
  `updated_at` datetime DEFAULT CURRENT_TIMESTAMP ON UPDATE CURRENT_TIMESTAMP,
  `updated_by` int DEFAULT NULL
) ENGINE=InnoDB DEFAULT CHARSET=utf8mb4 COLLATE=utf8mb4_0900_ai_ci;

--
-- Dumping data for table `suppliers`
--

INSERT INTO `suppliers` (`id`, `district_id`, `state_id`, `company_name`, `contact_person`, `email`, `phone_number`, `address`, `postcode`, `status`, `created_at`, `created_by`, `updated_at`, `updated_by`) VALUES
(1, 1, 4, 'Syarikat Bekalan Pendidikan Maju Sdn Bhd', 'Encik Kamal Sulaiman', 'kamal@bekalan.com.my', '0312345678', 'Lot 123, Jln Sultan Ismail, KL', '50250', 1, '2026-01-01 00:00:00', 1, '2026-01-01 00:00:00', 1),
(2, 2, 14, 'PT Pendidikan Cemerlang Sdn Bhd', 'Puan Norliza Binti Ahmad', 'norliza@ptpendidikan.com.my', '0356789012', 'No 45, Jln Merdeka, Petaling Jaya', '46050', 1, '2026-01-01 00:00:00', 1, '2026-01-01 00:00:00', 1),
(3, 3, 14, 'Aman Jaya Trading Sdn Bhd', 'Tuan Lee Wei Ming', 'lee@amanjaya.com.my', '0378901234', 'Wisma Subang, Jln USJ, Subang Jaya', '47630', 1, '2026-01-01 00:00:00', 1, '2026-01-01 00:00:00', 1),
(4, 4, 1, 'Johor Stationers Supply', 'Encik Tan Ah Lek', 'tan@johorstat.com.my', '072234567', 'No 88, Jln Wong Ah Fook, JB', '80000', 1, '2026-01-01 00:00:00', 1, '2026-01-01 00:00:00', 1),
(5, 5, 1, 'Kluang Mega Trading', 'Puan Zainab Abu', 'zainab@kluangmega.com.my', '077723456', 'No 12, Jln Stesen, Kluang', '82000', 1, '2026-01-01 00:00:00', 1, '2026-01-01 00:00:00', 1);

-- --------------------------------------------------------

--
-- Table structure for table `uom`
--

CREATE TABLE `uom` (
  `id` int NOT NULL,
  `code` varchar(50) NOT NULL,
  `description` text
) ENGINE=InnoDB DEFAULT CHARSET=utf8mb4 COLLATE=utf8mb4_0900_ai_ci;

--
-- Dumping data for table `uom`
--

INSERT INTO `uom` (`id`, `code`, `description`) VALUES
(1, 'Buku', 'Unit Buku'),
(2, 'Rim', 'Unit Rim'),
(3, 'Kotak', 'Unit Kotak'),
(4, 'Biji', 'Unit Biji'),
(5, 'Batang', 'Unit Batang'),
(6, 'Unit', 'Unit Peralatan'),
(7, 'Cartridge', 'Printer Cartridge'),
(8, 'Botol', 'Unit Botol'),
(9, 'Set', 'Unit Set'),
(10, 'Kg', 'Kilogram'),
(11, 'Tin', 'Tin / Can');

-- --------------------------------------------------------

--
-- Table structure for table `users`
--

CREATE TABLE `users` (
  `id` int NOT NULL,
  `institution_id` int NOT NULL,
  `role_id` int NOT NULL,
  `position_id` int DEFAULT NULL,
  `name` varchar(255) NOT NULL,
  `email` varchar(255) NOT NULL,
  `phone_number` varchar(50) DEFAULT NULL,
  `password` varchar(255) NOT NULL,
  `image` varchar(255) DEFAULT NULL,
  `status` tinyint(1) DEFAULT '1',
  `created_at` datetime DEFAULT CURRENT_TIMESTAMP,
  `created_by` int DEFAULT NULL,
  `updated_at` datetime DEFAULT CURRENT_TIMESTAMP ON UPDATE CURRENT_TIMESTAMP,
  `updated_by` int DEFAULT NULL
) ENGINE=InnoDB DEFAULT CHARSET=utf8mb4 COLLATE=utf8mb4_0900_ai_ci;

--
-- Dumping data for table `users`
--

INSERT INTO `users` (`id`, `institution_id`, `role_id`, `position_id`, `name`, `email`, `phone_number`, `password`, `image`, `status`, `created_at`, `created_by`, `updated_at`, `updated_by`) VALUES
(1, 1, 1, 3, 'Admin Utama', 'admin@mysipma.com', '0312345678', '$2y$10$92IXUNpkjO0rOQ5byMi.Ye4oKoEa3Ro9llC/.og/at2.uheWG/igi', NULL, 1, '2026-01-01 00:00:00', 1, '2026-05-29 14:30:40', 1),
(3, 1, 3, 2, 'Tuan Pengarah', 'pengarah@moe.gov.my', '0312456789', '$2y$10$92IXUNpkjO0rOQ5byMi.Ye4oKoEa3Ro9llC/.og/at2.uheWG/igi', NULL, 1, '2026-01-01 00:00:00', 1, '2026-06-02 15:53:48', 1),
(4, 2, 6, 6, 'Puan Siti Nurhaliza', 'siti@example.gov.my', '0145678901', '$2y$10$92IXUNpkjO0rOQ5byMi.Ye4oKoEa3Ro9llC/.og/at2.uheWG/igi', 'avatars/Y2GEJQ4iLsZYnclQqeHitxPBZDQlMkea99B4njh6.png', 0, '2026-01-01 00:00:00', 1, '2026-06-02 15:53:48', 1),
(5, 3, 4, 4, 'Encik Ahmad Kamal', 'ahmad@example.gov.my', '0156789012', '$2y$10$92IXUNpkjO0rOQ5byMi.Ye4oKoEa3Ro9llC/.og/at2.uheWG/igi', NULL, 1, '2026-01-01 00:00:00', 1, '2026-06-02 15:53:48', 1),
(6, 4, 5, 5, 'Muthu Alagappan', 'muthu@example.gov.my', '0167890123', '$2y$10$92IXUNpkjO0rOQ5byMi.Ye4oKoEa3Ro9llC/.og/at2.uheWG/igi', NULL, 1, '2026-01-01 00:00:00', 1, '2026-06-02 15:53:48', 1),
(7, 5, 6, 6, 'Chong Wei Liang', 'kuanyentan@gmail.com', '0178901234', '$2y$10$hqNLesYNyCzfQgElo80SN.VsVfSmIANucya74R4hAQedN28UWFIrm', NULL, 1, '2026-01-01 00:00:00', 1, '2026-06-02 15:53:48', 1);

--
-- Indexes for dumped tables
--

--
-- Indexes for table `approvals`
--
ALTER TABLE `approvals`
  ADD PRIMARY KEY (`id`),
  ADD KEY `fk_approval_order` (`order_id`),
  ADD KEY `fk_approval_user` (`approved_by`);

--
-- Indexes for table `borang_inden_drafts`
--
ALTER TABLE `borang_inden_drafts`
  ADD PRIMARY KEY (`id`),
  ADD UNIQUE KEY `borang_inden_drafts_user_id_unique` (`user_id`);

--
-- Indexes for table `categories`
--
ALTER TABLE `categories`
  ADD PRIMARY KEY (`id`),
  ADD UNIQUE KEY `uq_category_name` (`name`);

--
-- Indexes for table `ceiling_limits`
--
ALTER TABLE `ceiling_limits`
  ADD PRIMARY KEY (`id`),
  ADD KEY `fk_ceiling_institution` (`institution_id`),
  ADD KEY `fk_ceiling_contract` (`contract_id`);

--
-- Indexes for table `contracts`
--
ALTER TABLE `contracts`
  ADD PRIMARY KEY (`id`),
  ADD UNIQUE KEY `contract_no` (`contract_no`),
  ADD KEY `fk_contract_institution` (`institution_id`),
  ADD KEY `fk_contract_supplier` (`supplier_id`);

--
-- Indexes for table `contract_items`
--
ALTER TABLE `contract_items`
  ADD PRIMARY KEY (`id`),
  ADD UNIQUE KEY `uq_contract_item` (`contract_id`,`item_id`),
  ADD KEY `fk_contract_item_item` (`item_id`),
  ADD KEY `fk_contract_item_uom` (`uom_id`);

--
-- Indexes for table `deliveries`
--
ALTER TABLE `deliveries`
  ADD PRIMARY KEY (`id`),
  ADD KEY `fk_delivery_order` (`order_id`),
  ADD KEY `fk_delivery_received_by` (`received_by`),
  ADD KEY `fk_delivery_witness` (`witness_id`);

--
-- Indexes for table `districts`
--
ALTER TABLE `districts`
  ADD PRIMARY KEY (`id`),
  ADD KEY `fk_district_state` (`state_id`);

--
-- Indexes for table `institutions`
--
ALTER TABLE `institutions`
  ADD PRIMARY KEY (`id`),
  ADD KEY `fk_institution_district` (`district_id`),
  ADD KEY `fk_institution_state` (`state_id`);

--
-- Indexes for table `items`
--
ALTER TABLE `items`
  ADD PRIMARY KEY (`id`),
  ADD KEY `fk_item_category` (`category_id`),
  ADD KEY `fk_item_subcategory` (`subcategories_id`),
  ADD KEY `fk_item_uom` (`uom_id`),
  ADD KEY `fk_item_ceiling_limit` (`ceiling_limit_id`);

--
-- Indexes for table `migrations`
--
ALTER TABLE `migrations`
  ADD PRIMARY KEY (`id`);

--
-- Indexes for table `orders`
--
ALTER TABLE `orders`
  ADD PRIMARY KEY (`id`),
  ADD UNIQUE KEY `order_no` (`order_no`),
  ADD KEY `fk_order_institution` (`institution_id`),
  ADD KEY `fk_order_supplier` (`supplier_id`),
  ADD KEY `fk_order_contract` (`contract_id`);

--
-- Indexes for table `order_items`
--
ALTER TABLE `order_items`
  ADD PRIMARY KEY (`id`),
  ADD UNIQUE KEY `uq_order_item` (`order_id`,`item_id`),
  ADD KEY `fk_order_item_contract_item` (`contract_item_id`),
  ADD KEY `fk_order_item_item` (`item_id`);

--
-- Indexes for table `order_item_replace`
--
ALTER TABLE `order_item_replace`
  ADD PRIMARY KEY (`id`),
  ADD KEY `fk_order_replace_order` (`order_id`),
  ADD KEY `fk_order_replace_item` (`replace_item_id`);

--
-- Indexes for table `order_sequences`
--
ALTER TABLE `order_sequences`
  ADD PRIMARY KEY (`id`),
  ADD UNIQUE KEY `uq_order_seq` (`institution_code`,`category_code`,`year`,`month`);

--
-- Indexes for table `performance_evaluations`
--
ALTER TABLE `performance_evaluations`
  ADD PRIMARY KEY (`id`),
  ADD KEY `fk_performance_contract` (`contract_id`),
  ADD KEY `fk_performance_institution` (`institution_id`),
  ADD KEY `fk_performance_evaluator` (`evaluator_id`);

--
-- Indexes for table `positions`
--
ALTER TABLE `positions`
  ADD PRIMARY KEY (`id`),
  ADD UNIQUE KEY `uq_position_code` (`code`);

--
-- Indexes for table `replacement_items`
--
ALTER TABLE `replacement_items`
  ADD PRIMARY KEY (`id`),
  ADD KEY `fk_replacement_item` (`item_id`);

--
-- Indexes for table `roles`
--
ALTER TABLE `roles`
  ADD PRIMARY KEY (`id`),
  ADD UNIQUE KEY `uq_role_name` (`role_name`);

--
-- Indexes for table `states`
--
ALTER TABLE `states`
  ADD PRIMARY KEY (`id`),
  ADD UNIQUE KEY `uq_state_name` (`name`);

--
-- Indexes for table `subcategories`
--
ALTER TABLE `subcategories`
  ADD PRIMARY KEY (`id`),
  ADD KEY `fk_subcategory_category` (`category_id`);

--
-- Indexes for table `suppliers`
--
ALTER TABLE `suppliers`
  ADD PRIMARY KEY (`id`),
  ADD KEY `fk_supplier_district` (`district_id`),
  ADD KEY `fk_supplier_state` (`state_id`);

--
-- Indexes for table `uom`
--
ALTER TABLE `uom`
  ADD PRIMARY KEY (`id`),
  ADD UNIQUE KEY `uq_uom_code` (`code`);

--
-- Indexes for table `users`
--
ALTER TABLE `users`
  ADD PRIMARY KEY (`id`),
  ADD UNIQUE KEY `email` (`email`),
  ADD KEY `fk_user_institution` (`institution_id`),
  ADD KEY `fk_user_role` (`role_id`),
  ADD KEY `fk_user_position` (`position_id`);

--
-- AUTO_INCREMENT for dumped tables
--

--
-- AUTO_INCREMENT for table `approvals`
--
ALTER TABLE `approvals`
  MODIFY `id` int NOT NULL AUTO_INCREMENT, AUTO_INCREMENT=5;

--
-- AUTO_INCREMENT for table `borang_inden_drafts`
--
ALTER TABLE `borang_inden_drafts`
  MODIFY `id` bigint UNSIGNED NOT NULL AUTO_INCREMENT, AUTO_INCREMENT=3;

--
-- AUTO_INCREMENT for table `categories`
--
ALTER TABLE `categories`
  MODIFY `id` int NOT NULL AUTO_INCREMENT, AUTO_INCREMENT=6;

--
-- AUTO_INCREMENT for table `ceiling_limits`
--
ALTER TABLE `ceiling_limits`
  MODIFY `id` int NOT NULL AUTO_INCREMENT, AUTO_INCREMENT=6;

--
-- AUTO_INCREMENT for table `contracts`
--
ALTER TABLE `contracts`
  MODIFY `id` int NOT NULL AUTO_INCREMENT, AUTO_INCREMENT=41;

--
-- AUTO_INCREMENT for table `contract_items`
--
ALTER TABLE `contract_items`
  MODIFY `id` int NOT NULL AUTO_INCREMENT, AUTO_INCREMENT=496;

--
-- AUTO_INCREMENT for table `deliveries`
--
ALTER TABLE `deliveries`
  MODIFY `id` int NOT NULL AUTO_INCREMENT, AUTO_INCREMENT=9;

--
-- AUTO_INCREMENT for table `districts`
--
ALTER TABLE `districts`
  MODIFY `id` int NOT NULL AUTO_INCREMENT, AUTO_INCREMENT=6;

--
-- AUTO_INCREMENT for table `institutions`
--
ALTER TABLE `institutions`
  MODIFY `id` int NOT NULL AUTO_INCREMENT, AUTO_INCREMENT=36;

--
-- AUTO_INCREMENT for table `items`
--
ALTER TABLE `items`
  MODIFY `id` int NOT NULL AUTO_INCREMENT, AUTO_INCREMENT=31;

--
-- AUTO_INCREMENT for table `migrations`
--
ALTER TABLE `migrations`
  MODIFY `id` int UNSIGNED NOT NULL AUTO_INCREMENT, AUTO_INCREMENT=11;

--
-- AUTO_INCREMENT for table `orders`
--
ALTER TABLE `orders`
  MODIFY `id` int NOT NULL AUTO_INCREMENT, AUTO_INCREMENT=19;

--
-- AUTO_INCREMENT for table `order_items`
--
ALTER TABLE `order_items`
  MODIFY `id` int NOT NULL AUTO_INCREMENT, AUTO_INCREMENT=7;

--
-- AUTO_INCREMENT for table `order_item_replace`
--
ALTER TABLE `order_item_replace`
  MODIFY `id` int NOT NULL AUTO_INCREMENT;

--
-- AUTO_INCREMENT for table `order_sequences`
--
ALTER TABLE `order_sequences`
  MODIFY `id` bigint UNSIGNED NOT NULL AUTO_INCREMENT;

--
-- AUTO_INCREMENT for table `performance_evaluations`
--
ALTER TABLE `performance_evaluations`
  MODIFY `id` int NOT NULL AUTO_INCREMENT;

--
-- AUTO_INCREMENT for table `positions`
--
ALTER TABLE `positions`
  MODIFY `id` int NOT NULL AUTO_INCREMENT, AUTO_INCREMENT=7;

--
-- AUTO_INCREMENT for table `replacement_items`
--
ALTER TABLE `replacement_items`
  MODIFY `id` int NOT NULL AUTO_INCREMENT;

--
-- AUTO_INCREMENT for table `roles`
--
ALTER TABLE `roles`
  MODIFY `id` int NOT NULL AUTO_INCREMENT, AUTO_INCREMENT=7;

--
-- AUTO_INCREMENT for table `states`
--
ALTER TABLE `states`
  MODIFY `id` int NOT NULL AUTO_INCREMENT, AUTO_INCREMENT=16;

--
-- AUTO_INCREMENT for table `subcategories`
--
ALTER TABLE `subcategories`
  MODIFY `id` int NOT NULL AUTO_INCREMENT, AUTO_INCREMENT=9;

--
-- AUTO_INCREMENT for table `suppliers`
--
ALTER TABLE `suppliers`
  MODIFY `id` int NOT NULL AUTO_INCREMENT, AUTO_INCREMENT=6;

--
-- AUTO_INCREMENT for table `uom`
--
ALTER TABLE `uom`
  MODIFY `id` int NOT NULL AUTO_INCREMENT, AUTO_INCREMENT=12;

--
-- AUTO_INCREMENT for table `users`
--
ALTER TABLE `users`
  MODIFY `id` int NOT NULL AUTO_INCREMENT, AUTO_INCREMENT=8;

--
-- Constraints for dumped tables
--

--
-- Constraints for table `approvals`
--
ALTER TABLE `approvals`
  ADD CONSTRAINT `fk_approval_order` FOREIGN KEY (`order_id`) REFERENCES `orders` (`id`),
  ADD CONSTRAINT `fk_approval_user` FOREIGN KEY (`approved_by`) REFERENCES `users` (`id`);

--
-- Constraints for table `borang_inden_drafts`
--
ALTER TABLE `borang_inden_drafts`
  ADD CONSTRAINT `borang_inden_drafts_user_id_foreign` FOREIGN KEY (`user_id`) REFERENCES `users` (`id`) ON DELETE CASCADE;

--
-- Constraints for table `ceiling_limits`
--
ALTER TABLE `ceiling_limits`
  ADD CONSTRAINT `fk_ceiling_contract` FOREIGN KEY (`contract_id`) REFERENCES `contracts` (`id`),
  ADD CONSTRAINT `fk_ceiling_institution` FOREIGN KEY (`institution_id`) REFERENCES `institutions` (`id`);

--
-- Constraints for table `contracts`
--
ALTER TABLE `contracts`
  ADD CONSTRAINT `fk_contract_institution` FOREIGN KEY (`institution_id`) REFERENCES `institutions` (`id`),
  ADD CONSTRAINT `fk_contract_supplier` FOREIGN KEY (`supplier_id`) REFERENCES `suppliers` (`id`);

--
-- Constraints for table `contract_items`
--
ALTER TABLE `contract_items`
  ADD CONSTRAINT `fk_contract_item_contract` FOREIGN KEY (`contract_id`) REFERENCES `contracts` (`id`),
  ADD CONSTRAINT `fk_contract_item_item` FOREIGN KEY (`item_id`) REFERENCES `items` (`id`),
  ADD CONSTRAINT `fk_contract_item_uom` FOREIGN KEY (`uom_id`) REFERENCES `uom` (`id`) ON DELETE RESTRICT ON UPDATE CASCADE;

--
-- Constraints for table `deliveries`
--
ALTER TABLE `deliveries`
  ADD CONSTRAINT `fk_delivery_order` FOREIGN KEY (`order_id`) REFERENCES `orders` (`id`),
  ADD CONSTRAINT `fk_delivery_received_by` FOREIGN KEY (`received_by`) REFERENCES `users` (`id`),
  ADD CONSTRAINT `fk_delivery_witness` FOREIGN KEY (`witness_id`) REFERENCES `users` (`id`);

--
-- Constraints for table `districts`
--
ALTER TABLE `districts`
  ADD CONSTRAINT `fk_district_state` FOREIGN KEY (`state_id`) REFERENCES `states` (`id`);

--
-- Constraints for table `institutions`
--
ALTER TABLE `institutions`
  ADD CONSTRAINT `fk_institution_district` FOREIGN KEY (`district_id`) REFERENCES `districts` (`id`),
  ADD CONSTRAINT `fk_institution_state` FOREIGN KEY (`state_id`) REFERENCES `states` (`id`);

--
-- Constraints for table `items`
--
ALTER TABLE `items`
  ADD CONSTRAINT `fk_item_category` FOREIGN KEY (`category_id`) REFERENCES `categories` (`id`),
  ADD CONSTRAINT `fk_item_ceiling_limit` FOREIGN KEY (`ceiling_limit_id`) REFERENCES `ceiling_limits` (`id`) ON DELETE RESTRICT ON UPDATE CASCADE,
  ADD CONSTRAINT `fk_item_subcategory` FOREIGN KEY (`subcategories_id`) REFERENCES `subcategories` (`id`),
  ADD CONSTRAINT `fk_item_uom` FOREIGN KEY (`uom_id`) REFERENCES `uom` (`id`) ON DELETE RESTRICT ON UPDATE CASCADE;

--
-- Constraints for table `orders`
--
ALTER TABLE `orders`
  ADD CONSTRAINT `fk_order_contract` FOREIGN KEY (`contract_id`) REFERENCES `contracts` (`id`),
  ADD CONSTRAINT `fk_order_institution` FOREIGN KEY (`institution_id`) REFERENCES `institutions` (`id`),
  ADD CONSTRAINT `fk_order_supplier` FOREIGN KEY (`supplier_id`) REFERENCES `suppliers` (`id`);

--
-- Constraints for table `order_items`
--
ALTER TABLE `order_items`
  ADD CONSTRAINT `fk_order_item_contract_item` FOREIGN KEY (`contract_item_id`) REFERENCES `contract_items` (`id`),
  ADD CONSTRAINT `fk_order_item_item` FOREIGN KEY (`item_id`) REFERENCES `items` (`id`),
  ADD CONSTRAINT `fk_order_item_order` FOREIGN KEY (`order_id`) REFERENCES `orders` (`id`);

--
-- Constraints for table `order_item_replace`
--
ALTER TABLE `order_item_replace`
  ADD CONSTRAINT `fk_order_replace_item` FOREIGN KEY (`replace_item_id`) REFERENCES `replacement_items` (`id`),
  ADD CONSTRAINT `fk_order_replace_order` FOREIGN KEY (`order_id`) REFERENCES `orders` (`id`);

--
-- Constraints for table `performance_evaluations`
--
ALTER TABLE `performance_evaluations`
  ADD CONSTRAINT `fk_performance_contract` FOREIGN KEY (`contract_id`) REFERENCES `contracts` (`id`),
  ADD CONSTRAINT `fk_performance_evaluator` FOREIGN KEY (`evaluator_id`) REFERENCES `users` (`id`),
  ADD CONSTRAINT `fk_performance_institution` FOREIGN KEY (`institution_id`) REFERENCES `institutions` (`id`);

--
-- Constraints for table `replacement_items`
--
ALTER TABLE `replacement_items`
  ADD CONSTRAINT `fk_replacement_item` FOREIGN KEY (`item_id`) REFERENCES `items` (`id`);

--
-- Constraints for table `subcategories`
--
ALTER TABLE `subcategories`
  ADD CONSTRAINT `fk_subcategory_category` FOREIGN KEY (`category_id`) REFERENCES `categories` (`id`);

--
-- Constraints for table `suppliers`
--
ALTER TABLE `suppliers`
  ADD CONSTRAINT `fk_supplier_district` FOREIGN KEY (`district_id`) REFERENCES `districts` (`id`),
  ADD CONSTRAINT `fk_supplier_state` FOREIGN KEY (`state_id`) REFERENCES `states` (`id`);

--
-- Constraints for table `users`
--
ALTER TABLE `users`
  ADD CONSTRAINT `fk_user_institution` FOREIGN KEY (`institution_id`) REFERENCES `institutions` (`id`),
  ADD CONSTRAINT `fk_user_position` FOREIGN KEY (`position_id`) REFERENCES `positions` (`id`),
  ADD CONSTRAINT `fk_user_role` FOREIGN KEY (`role_id`) REFERENCES `roles` (`id`);
COMMIT;

/*!40101 SET CHARACTER_SET_CLIENT=@OLD_CHARACTER_SET_CLIENT */;
/*!40101 SET CHARACTER_SET_RESULTS=@OLD_CHARACTER_SET_RESULTS */;
/*!40101 SET COLLATION_CONNECTION=@OLD_COLLATION_CONNECTION */;
